地级市,年份,情景,预测值
七台河市,2025,基准情景,4.0258
七台河市,2026,基准情景,3.9408
七台河市,2027,基准情景,3.8554
七台河市,2028,基准情景,3.77
七台河市,2029,基准情景,3.6845
三亚市,2025,基准情景,0.1435
三亚市,2026,基准情景,0.1289
三亚市,2027,基准情景,0.1157
三亚市,2028,基准情景,0.1039
三亚市,2029,基准情景,0.0932
三明市,2025,基准情景,0.7386
三明市,2026,基准情景,0.684
三明市,2027,基准情景,0.6329
三明市,2028,基准情景,0.5852
三明市,2029,基准情景,0.5407
三门峡市,2025,基准情景,0.9773
三门峡市,2026,基准情景,0.9185
三门峡市,2027,基准情景,0.8622
三门峡市,2028,基准情景,0.8084
三门峡市,2029,基准情景,0.7569
上海市,2025,基准情景,0.4906
上海市,2026,基准情景,0.4708
上海市,2027,基准情景,0.4514
上海市,2028,基准情景,0.4326
上海市,2029,基准情景,0.4143
上饶市,2025,基准情景,0.3322
上饶市,2026,基准情景,0.2995
上饶市,2027,基准情景,0.2696
上饶市,2028,基准情景,0.2423
上饶市,2029,基准情景,0.2175
东莞市,2025,基准情景,0.2756
东莞市,2026,基准情景,0.2524
东莞市,2027,基准情景,0.231
东莞市,2028,基准情景,0.2113
东莞市,2029,基准情景,0.1932
东营市,2025,基准情景,0.3605
东营市,2026,基准情景,0.3417
东营市,2027,基准情景,0.3235
东营市,2028,基准情景,0.306
东营市,2029,基准情景,0.2892
中卫市,2025,基准情景,1.3345
中卫市,2026,基准情景,1.2296
中卫市,2027,基准情景,1.133
中卫市,2028,基准情景,1.0439
中卫市,2029,基准情景,0.9618
中山市,2025,基准情景,0.4629
中山市,2026,基准情景,0.4325
中山市,2027,基准情景,0.4036
中山市,2028,基准情景,0.3762
中山市,2029,基准情景,0.3503
临汾市,2025,基准情景,1.4407
临汾市,2026,基准情景,1.3068
临汾市,2027,基准情景,1.1837
临汾市,2028,基准情景,1.0707
临汾市,2029,基准情景,0.9672
临沂市,2025,基准情景,1.0052
临沂市,2026,基准情景,0.933
临沂市,2027,基准情景,0.866
临沂市,2028,基准情景,0.8038
临沂市,2029,基准情景,0.7461
临沧市,2025,基准情景,0.2226
临沧市,2026,基准情景,0.2018
临沧市,2027,基准情景,0.1826
临沧市,2028,基准情景,0.165
临沧市,2029,基准情景,0.1487
丹东市,2025,基准情景,1.0808
丹东市,2026,基准情景,1.0416
丹东市,2027,基准情景,1.0023
丹东市,2028,基准情景,0.9632
丹东市,2029,基准情景,0.9243
丽水市,2025,基准情景,0.2125
丽水市,2026,基准情景,0.1928
丽水市,2027,基准情景,0.1747
丽水市,2028,基准情景,0.1581
丽水市,2029,基准情景,0.143
丽江市,2025,基准情景,0.3683
丽江市,2026,基准情景,0.3311
丽江市,2027,基准情景,0.297
丽江市,2028,基准情景,0.2659
丽江市,2029,基准情景,0.2376
乌兰察布市,2025,基准情景,2.9664
乌兰察布市,2026,基准情景,2.7851
乌兰察布市,2027,基准情景,2.6098
乌兰察布市,2028,基准情景,2.4409
乌兰察布市,2029,基准情景,2.2784
乌海市,2025,基准情景,2.6567
乌海市,2026,基准情景,2.5478
乌海市,2027,基准情景,2.4387
乌海市,2028,基准情景,2.3297
乌海市,2029,基准情景,2.2212
乌鲁木齐市,2025,基准情景,0.8841
乌鲁木齐市,2026,基准情景,0.8186
乌鲁木齐市,2027,基准情景,0.7566
乌鲁木齐市,2028,基准情景,0.6983
乌鲁木齐市,2029,基准情景,0.6434
乐山市,2025,基准情景,0.2975
乐山市,2026,基准情景,0.2701
乐山市,2027,基准情景,0.2447
乐山市,2028,基准情景,0.2213
乐山市,2029,基准情景,0.1997
九江市,2025,基准情景,0.5872
九江市,2026,基准情景,0.5319
九江市,2027,基准情景,0.4813
九江市,2028,基准情景,0.4351
九江市,2029,基准情景,0.393
云浮市,2025,基准情景,2.8585
云浮市,2026,基准情景,2.6197
云浮市,2027,基准情景,2.4
云浮市,2028,基准情景,2.1979
云浮市,2029,基准情景,2.0122
亳州市,2025,基准情景,0.2417
亳州市,2026,基准情景,0.217
亳州市,2027,基准情景,0.1949
亳州市,2028,基准情景,0.1749
亳州市,2029,基准情景,0.1569
伊春市,2025,基准情景,1.9311
伊春市,2026,基准情景,1.8377
伊春市,2027,基准情景,1.7483
伊春市,2028,基准情景,1.6626
伊春市,2029,基准情景,1.5806
佛山市,2025,基准情景,0.186
佛山市,2026,基准情景,0.1714
佛山市,2027,基准情景,0.1579
佛山市,2028,基准情景,0.1453
佛山市,2029,基准情景,0.1337
佳木斯市,2025,基准情景,1.3038
佳木斯市,2026,基准情景,1.2453
佳木斯市,2027,基准情景,1.1886
佳木斯市,2028,基准情景,1.1337
佳木斯市,2029,基准情景,1.0806
保定市,2025,基准情景,0.6189
保定市,2026,基准情景,0.5713
保定市,2027,基准情景,0.527
保定市,2028,基准情景,0.4859
保定市,2029,基准情景,0.4477
保山市,2025,基准情景,0.1616
保山市,2026,基准情景,0.1455
保山市,2027,基准情景,0.1307
保山市,2028,基准情景,0.1172
保山市,2029,基准情景,0.1049
信阳市,2025,基准情景,0.8727
信阳市,2026,基准情景,0.8098
信阳市,2027,基准情景,0.7505
信阳市,2028,基准情景,0.6949
信阳市,2029,基准情景,0.6426
克拉玛依市,2025,基准情景,0.3824
克拉玛依市,2026,基准情景,0.3521
克拉玛依市,2027,基准情景,0.3236
克拉玛依市,2028,基准情景,0.2968
克拉玛依市,2029,基准情景,0.2717
六安市,2025,基准情景,0.4482
六安市,2026,基准情景,0.4051
六安市,2027,基准情景,0.3657
六安市,2028,基准情景,0.3297
六安市,2029,基准情景,0.2969
六盘水市,2025,基准情景,1.6505
六盘水市,2026,基准情景,1.5454
六盘水市,2027,基准情景,1.4458
六盘水市,2028,基准情景,1.3515
六盘水市,2029,基准情景,1.2624
兰州市,2025,基准情景,0.7064
兰州市,2026,基准情景,0.6486
兰州市,2027,基准情景,0.5951
兰州市,2028,基准情景,0.5458
兰州市,2029,基准情景,0.5003
内江市,2025,基准情景,0.6891
内江市,2026,基准情景,0.6462
内江市,2027,基准情景,0.6055
内江市,2028,基准情景,0.5671
内江市,2029,基准情景,0.5308
包头市,2025,基准情景,1.2569
包头市,2026,基准情景,1.2129
包头市,2027,基准情景,1.1692
包头市,2028,基准情景,1.126
包头市,2029,基准情景,1.0833
北海市,2025,基准情景,0.3562
北海市,2026,基准情景,0.3215
北海市,2027,基准情景,0.2898
北海市,2028,基准情景,0.261
北海市,2029,基准情景,0.2348
十堰市,2025,基准情景,0.1905
十堰市,2026,基准情景,0.1728
十堰市,2027,基准情景,0.1564
十堰市,2028,基准情景,0.1414
十堰市,2029,基准情景,0.1277
南京市,2025,基准情景,0.4234
南京市,2026,基准情景,0.3876
南京市,2027,基准情景,0.3545
南京市,2028,基准情景,0.324
南京市,2029,基准情景,0.2959
南充市,2025,基准情景,0.1244
南充市,2026,基准情景,0.1127
南充市,2027,基准情景,0.1019
南充市,2028,基准情景,0.092
南充市,2029,基准情景,0.083
南宁市,2025,基准情景,0.6272
南宁市,2026,基准情景,0.5703
南宁市,2027,基准情景,0.5179
南宁市,2028,基准情景,0.4697
南宁市,2029,基准情景,0.4254
南平市,2025,基准情景,0.6391
南平市,2026,基准情景,0.5944
南平市,2027,基准情景,0.5523
南平市,2028,基准情景,0.5129
南平市,2029,基准情景,0.4759
南昌市,2025,基准情景,0.2007
南昌市,2026,基准情景,0.1834
南昌市,2027,基准情景,0.1675
南昌市,2028,基准情景,0.1529
南昌市,2029,基准情景,0.1394
南通市,2025,基准情景,0.2697
南通市,2026,基准情景,0.2455
南通市,2027,基准情景,0.2233
南通市,2028,基准情景,0.203
南通市,2029,基准情景,0.1843
南阳市,2025,基准情景,1.0196
南阳市,2026,基准情景,0.946
南阳市,2027,基准情景,0.8771
南阳市,2028,基准情景,0.8126
南阳市,2029,基准情景,0.7522
厦门市,2025,基准情景,0.1047
厦门市,2026,基准情景,0.0935
厦门市,2027,基准情景,0.0835
厦门市,2028,基准情景,0.0745
厦门市,2029,基准情景,0.0665
双鸭山市,2025,基准情景,2.4414
双鸭山市,2026,基准情景,2.3383
双鸭山市,2027,基准情景,2.2365
双鸭山市,2028,基准情景,2.1361
双鸭山市,2029,基准情景,2.0373
台州市,2025,基准情景,0.3822
台州市,2026,基准情景,0.3489
台州市,2027,基准情景,0.3181
台州市,2028,基准情景,0.2898
台州市,2029,基准情景,0.2638
合肥市,2025,基准情景,0.4024
合肥市,2026,基准情景,0.362
合肥市,2027,基准情景,0.3255
合肥市,2028,基准情景,0.2927
合肥市,2029,基准情景,0.263
吉安市,2025,基准情景,0.372
吉安市,2026,基准情景,0.3401
吉安市,2027,基准情景,0.3108
吉安市,2028,基准情景,0.284
吉安市,2029,基准情景,0.2594
吉林市,2025,基准情景,1.7084
吉林市,2026,基准情景,1.7172
吉林市,2027,基准情景,1.7248
吉林市,2028,基准情景,1.731
吉林市,2029,基准情景,1.736
吐鲁番市,2025,基准情景,1.0639
吐鲁番市,2026,基准情景,0.9621
吐鲁番市,2027,基准情景,0.8689
吐鲁番市,2028,基准情景,0.7838
吐鲁番市,2029,基准情景,0.7061
吕梁市,2025,基准情景,1.2827
吕梁市,2026,基准情景,1.1482
吕梁市,2027,基准情景,1.0274
吕梁市,2028,基准情景,0.9188
吕梁市,2029,基准情景,0.8214
吴忠市,2025,基准情景,1.9558
吴忠市,2026,基准情景,1.7863
吴忠市,2027,基准情景,1.6307
吴忠市,2028,基准情景,1.4878
吴忠市,2029,基准情景,1.3568
周口市,2025,基准情景,0.3217
周口市,2026,基准情景,0.2976
周口市,2027,基准情景,0.2752
周口市,2028,基准情景,0.2543
周口市,2029,基准情景,0.2349
呼伦贝尔市,2025,基准情景,1.817
呼伦贝尔市,2026,基准情景,1.7594
呼伦贝尔市,2027,基准情景,1.7004
呼伦贝尔市,2028,基准情景,1.6401
呼伦贝尔市,2029,基准情景,1.5789
呼和浩特市,2025,基准情景,0.9411
呼和浩特市,2026,基准情景,0.8917
呼和浩特市,2027,基准情景,0.8433
呼和浩特市,2028,基准情景,0.796
呼和浩特市,2029,基准情景,0.7498
咸宁市,2025,基准情景,0.4157
咸宁市,2026,基准情景,0.3784
咸宁市,2027,基准情景,0.3441
咸宁市,2028,基准情景,0.3127
咸宁市,2029,基准情景,0.2838
咸阳市,2025,基准情景,1.0151
咸阳市,2026,基准情景,0.9489
咸阳市,2027,基准情景,0.8866
咸阳市,2028,基准情景,0.828
咸阳市,2029,基准情景,0.7729
哈密市,2025,基准情景,1.3758
哈密市,2026,基准情景,1.254
哈密市,2027,基准情景,1.1408
哈密市,2028,基准情景,1.0357
哈密市,2029,基准情景,0.9386
哈尔滨市,2025,基准情景,0.551
哈尔滨市,2026,基准情景,0.5374
哈尔滨市,2027,基准情景,0.5241
哈尔滨市,2028,基准情景,0.5112
哈尔滨市,2029,基准情景,0.4985
唐山市,2025,基准情景,1.7613
唐山市,2026,基准情景,1.6293
唐山市,2027,基准情景,1.5061
唐山市,2028,基准情景,1.3911
唐山市,2029,基准情景,1.2839
商丘市,2025,基准情景,0.6614
商丘市,2026,基准情景,0.604
商丘市,2027,基准情景,0.5507
商丘市,2028,基准情景,0.5013
商丘市,2029,基准情景,0.4556
商洛市,2025,基准情景,0.3724
商洛市,2026,基准情景,0.3504
商洛市,2027,基准情景,0.3295
商洛市,2028,基准情景,0.3097
商洛市,2029,基准情景,0.291
嘉兴市,2025,基准情景,0.2927
嘉兴市,2026,基准情景,0.2639
嘉兴市,2027,基准情景,0.2377
嘉兴市,2028,基准情景,0.2139
嘉兴市,2029,基准情景,0.1923
嘉峪关市,2025,基准情景,3.8497
嘉峪关市,2026,基准情景,3.5089
嘉峪关市,2027,基准情景,3.1968
嘉峪关市,2028,基准情景,2.911
嘉峪关市,2029,基准情景,2.6495
四平市,2025,基准情景,1.9061
四平市,2026,基准情景,1.9349
四平市,2027,基准情景,1.9603
四平市,2028,基准情景,1.9822
四平市,2029,基准情景,2.0005
固原市,2025,基准情景,0.6109
固原市,2026,基准情景,0.5546
固原市,2027,基准情景,0.5024
固原市,2028,基准情景,0.4544
固原市,2029,基准情景,0.4101
大同市,2025,基准情景,1.8433
大同市,2026,基准情景,1.7011
大同市,2027,基准情景,1.5686
大同市,2028,基准情景,1.4452
大同市,2029,基准情景,1.3305
大庆市,2025,基准情景,0.7045
大庆市,2026,基准情景,0.6921
大庆市,2027,基准情景,0.6797
大庆市,2028,基准情景,0.6673
大庆市,2029,基准情景,0.6549
大连市,2025,基准情景,0.3811
大连市,2026,基准情景,0.3621
大连市,2027,基准情景,0.3437
大连市,2028,基准情景,0.3258
大连市,2029,基准情景,0.3086
天水市,2025,基准情景,0.5297
天水市,2026,基准情景,0.4879
天水市,2027,基准情景,0.449
天水市,2028,基准情景,0.413
天水市,2029,基准情景,0.3795
天津市,2025,基准情景,0.4968
天津市,2026,基准情景,0.4763
天津市,2027,基准情景,0.4561
天津市,2028,基准情景,0.4361
天津市,2029,基准情景,0.4165
太原市,2025,基准情景,0.6482
太原市,2026,基准情景,0.5882
太原市,2027,基准情景,0.5333
太原市,2028,基准情景,0.483
太原市,2029,基准情景,0.437
威海市,2025,基准情景,0.3792
威海市,2026,基准情景,0.3614
威海市,2027,基准情景,0.3443
威海市,2028,基准情景,0.328
威海市,2029,基准情景,0.3123
娄底市,2025,基准情景,1.151
娄底市,2026,基准情景,1.0714
娄底市,2027,基准情景,0.9967
娄底市,2028,基准情景,0.9268
娄底市,2029,基准情景,0.8614
孝感市,2025,基准情景,0.5397
孝感市,2026,基准情景,0.4894
孝感市,2027,基准情景,0.4434
孝感市,2028,基准情景,0.4015
孝感市,2029,基准情景,0.3632
宁德市,2025,基准情景,0.2837
宁德市,2026,基准情景,0.2534
宁德市,2027,基准情景,0.2262
宁德市,2028,基准情景,0.2017
宁德市,2029,基准情景,0.1797
宁波市,2025,基准情景,0.3434
宁波市,2026,基准情景,0.3092
宁波市,2027,基准情景,0.2782
宁波市,2028,基准情景,0.25
宁波市,2029,基准情景,0.2246
安庆市,2025,基准情景,0.5573
安庆市,2026,基准情景,0.5076
安庆市,2027,基准情景,0.462
安庆市,2028,基准情景,0.4202
安庆市,2029,基准情景,0.3819
安康市,2025,基准情景,0.2011
安康市,2026,基准情景,0.186
安康市,2027,基准情景,0.172
安康市,2028,基准情景,0.1589
安康市,2029,基准情景,0.1468
安阳市,2025,基准情景,1.1747
安阳市,2026,基准情景,1.1024
安阳市,2027,基准情景,1.0336
安阳市,2028,基准情景,0.9682
安阳市,2029,基准情景,0.9062
安顺市,2025,基准情景,0.8747
安顺市,2026,基准情景,0.7963
安顺市,2027,基准情景,0.7244
安顺市,2028,基准情景,0.6584
安顺市,2029,基准情景,0.598
定西市,2025,基准情景,0.4927
定西市,2026,基准情景,0.4474
定西市,2027,基准情景,0.4062
定西市,2028,基准情景,0.3687
定西市,2029,基准情景,0.3345
宜宾市,2025,基准情景,0.5755
宜宾市,2026,基准情景,0.5179
宜宾市,2027,基准情景,0.4659
宜宾市,2028,基准情景,0.4189
宜宾市,2029,基准情景,0.3764
宜昌市,2025,基准情景,0.5366
宜昌市,2026,基准情景,0.4889
宜昌市,2027,基准情景,0.445
宜昌市,2028,基准情景,0.4048
宜昌市,2029,基准情景,0.3678
宜春市,2025,基准情景,0.8728
宜春市,2026,基准情景,0.7834
宜春市,2027,基准情景,0.7021
宜春市,2028,基准情景,0.6285
宜春市,2029,基准情景,0.5618
宝鸡市,2025,基准情景,0.7739
宝鸡市,2026,基准情景,0.7256
宝鸡市,2027,基准情景,0.6801
宝鸡市,2028,基准情景,0.6375
宝鸡市,2029,基准情景,0.5974
宣城市,2025,基准情景,0.4736
宣城市,2026,基准情景,0.432
宣城市,2027,基准情景,0.3938
宣城市,2028,基准情景,0.3587
宣城市,2029,基准情景,0.3264
宿州市,2025,基准情景,0.539
宿州市,2026,基准情景,0.4899
宿州市,2027,基准情景,0.4448
宿州市,2028,基准情景,0.4033
宿州市,2029,基准情景,0.3652
宿迁市,2025,基准情景,0.3865
宿迁市,2026,基准情景,0.3503
宿迁市,2027,基准情景,0.3174
宿迁市,2028,基准情景,0.2874
宿迁市,2029,基准情景,0.2601
岳阳市,2025,基准情景,0.3872
岳阳市,2026,基准情景,0.3564
岳阳市,2027,基准情景,0.3279
岳阳市,2028,基准情景,0.3016
岳阳市,2029,基准情景,0.2773
崇左市,2025,基准情景,0.5251
崇左市,2026,基准情景,0.4859
崇左市,2027,基准情景,0.4495
崇左市,2028,基准情景,0.4157
崇左市,2029,基准情景,0.3842
巴中市,2025,基准情景,0.1864
巴中市,2026,基准情景,0.1705
巴中市,2027,基准情景,0.1559
巴中市,2028,基准情景,0.1423
巴中市,2029,基准情景,0.1298
巴彦淖尔市,2025,基准情景,0.8268
巴彦淖尔市,2026,基准情景,0.784
巴彦淖尔市,2027,基准情景,0.7422
巴彦淖尔市,2028,基准情景,0.7014
巴彦淖尔市,2029,基准情景,0.6617
常州市,2025,基准情景,0.4082
常州市,2026,基准情景,0.3728
常州市,2027,基准情景,0.3403
常州市,2028,基准情景,0.3106
常州市,2029,基准情景,0.2833
常德市,2025,基准情景,0.472
常德市,2026,基准情景,0.4389
常德市,2027,基准情景,0.408
常德市,2028,基准情景,0.3791
常德市,2029,基准情景,0.3521
平凉市,2025,基准情景,2.3528
平凉市,2026,基准情景,2.1619
平凉市,2027,基准情景,1.9845
平凉市,2028,基准情景,1.8198
平凉市,2029,基准情景,1.6671
平顶山市,2025,基准情景,1.3871
平顶山市,2026,基准情景,1.2916
平顶山市,2027,基准情景,1.2022
平顶山市,2028,基准情景,1.1186
平顶山市,2029,基准情景,1.0404
广元市,2025,基准情景,0.3069
广元市,2026,基准情景,0.2754
广元市,2027,基准情景,0.2466
广元市,2028,基准情景,0.2204
广元市,2029,基准情景,0.1966
广安市,2025,基准情景,0.684
广安市,2026,基准情景,0.6324
广安市,2027,基准情景,0.584
广安市,2028,基准情景,0.5387
广安市,2029,基准情景,0.4964
广州市,2025,基准情景,0.2687
广州市,2026,基准情景,0.2584
广州市,2027,基准情景,0.2484
广州市,2028,基准情景,0.2387
广州市,2029,基准情景,0.2293
庆阳市,2025,基准情景,0.2236
庆阳市,2026,基准情景,0.204
庆阳市,2027,基准情景,0.1859
庆阳市,2028,基准情景,0.1692
庆阳市,2029,基准情景,0.1538
廊坊市,2025,基准情景,0.526
廊坊市,2026,基准情景,0.4867
廊坊市,2027,基准情景,0.4498
廊坊市,2028,基准情景,0.4154
廊坊市,2029,基准情景,0.3831
延安市,2025,基准情景,0.246
延安市,2026,基准情景,0.2243
延安市,2027,基准情景,0.2044
延安市,2028,基准情景,0.1862
延安市,2029,基准情景,0.1694
开封市,2025,基准情景,0.4867
开封市,2026,基准情景,0.4529
开封市,2027,基准情景,0.4215
开封市,2028,基准情景,0.3923
开封市,2029,基准情景,0.3651
张家口市,2025,基准情景,1.7083
张家口市,2026,基准情景,1.5978
张家口市,2027,基准情景,1.4931
张家口市,2028,基准情景,1.3943
张家口市,2029,基准情景,1.3009
张家界市,2025,基准情景,0.3349
张家界市,2026,基准情景,0.3133
张家界市,2027,基准情景,0.2928
张家界市,2028,基准情景,0.2733
张家界市,2029,基准情景,0.2549
张掖市,2025,基准情景,0.8646
张掖市,2026,基准情景,0.797
张掖市,2027,基准情景,0.7345
张掖市,2028,基准情景,0.6766
张掖市,2029,基准情景,0.6231
徐州市,2025,基准情景,1.0275
徐州市,2026,基准情景,0.9445
徐州市,2027,基准情景,0.8674
徐州市,2028,基准情景,0.796
徐州市,2029,基准情景,0.7298
德州市,2025,基准情景,0.6556
德州市,2026,基准情景,0.6153
德州市,2027,基准情景,0.577
德州市,2028,基准情景,0.5408
德州市,2029,基准情景,0.5065
德阳市,2025,基准情景,0.1678
德阳市,2026,基准情景,0.1531
德阳市,2027,基准情景,0.1395
德阳市,2028,基准情景,0.127
德阳市,2029,基准情景,0.1155
忻州市,2025,基准情景,1.4877
忻州市,2026,基准情景,1.3675
忻州市,2027,基准情景,1.2558
忻州市,2028,基准情景,1.1521
忻州市,2029,基准情景,1.056
怀化市,2025,基准情景,0.3578
怀化市,2026,基准情景,0.3334
怀化市,2027,基准情景,0.3103
怀化市,2028,基准情景,0.2885
怀化市,2029,基准情景,0.2678
惠州市,2025,基准情景,0.185
惠州市,2026,基准情景,0.1683
惠州市,2027,基准情景,0.1528
惠州市,2028,基准情景,0.1386
惠州市,2029,基准情景,0.1256
成都市,2025,基准情景,0.1608
成都市,2026,基准情景,0.1489
成都市,2027,基准情景,0.1379
成都市,2028,基准情景,0.1276
成都市,2029,基准情景,0.118
扬州市,2025,基准情景,0.274
扬州市,2026,基准情景,0.2493
扬州市,2027,基准情景,0.2266
扬州市,2028,基准情景,0.2057
扬州市,2029,基准情景,0.1864
承德市,2025,基准情景,0.9985
承德市,2026,基准情景,0.9312
承德市,2027,基准情景,0.8677
承德市,2028,基准情景,0.8078
承德市,2029,基准情景,0.7514
抚州市,2025,基准情景,0.2246
抚州市,2026,基准情景,0.2053
抚州市,2027,基准情景,0.1875
抚州市,2028,基准情景,0.1711
抚州市,2029,基准情景,0.1559
抚顺市,2025,基准情景,2.1855
抚顺市,2026,基准情景,2.163
抚顺市,2027,基准情景,2.1404
抚顺市,2028,基准情景,2.1178
抚顺市,2029,基准情景,2.0952
揭阳市,2025,基准情景,0.2822
揭阳市,2026,基准情景,0.2626
揭阳市,2027,基准情景,0.2441
揭阳市,2028,基准情景,0.2267
揭阳市,2029,基准情景,0.2102
攀枝花市,2025,基准情景,1.2859
攀枝花市,2026,基准情景,1.2046
攀枝花市,2027,基准情景,1.128
攀枝花市,2028,基准情景,1.0557
攀枝花市,2029,基准情景,0.9875
新乡市,2025,基准情景,0.7799
新乡市,2026,基准情景,0.7139
新乡市,2027,基准情景,0.6525
新乡市,2028,基准情景,0.5956
新乡市,2029,基准情景,0.5429
新余市,2025,基准情景,1.5273
新余市,2026,基准情景,1.4541
新余市,2027,基准情景,1.3838
新余市,2028,基准情景,1.3164
新余市,2029,基准情景,1.2518
无锡市,2025,基准情景,0.2426
无锡市,2026,基准情景,0.2235
无锡市,2027,基准情景,0.2059
无锡市,2028,基准情景,0.1897
无锡市,2029,基准情景,0.1747
日照市,2025,基准情景,1.982
日照市,2026,基准情景,1.8451
日照市,2027,基准情景,1.7154
日照市,2028,基准情景,1.5927
日照市,2029,基准情景,1.4769
昆明市,2025,基准情景,0.2578
昆明市,2026,基准情景,0.2314
昆明市,2027,基准情景,0.2074
昆明市,2028,基准情景,0.1855
昆明市,2029,基准情景,0.1655
昭通市,2025,基准情景,0.3582
昭通市,2026,基准情景,0.3166
昭通市,2027,基准情景,0.2794
昭通市,2028,基准情景,0.246
昭通市,2029,基准情景,0.2162
晋中市,2025,基准情景,1.01
晋中市,2026,基准情景,0.9094
晋中市,2027,基准情景,0.8177
晋中市,2028,基准情景,0.7345
晋中市,2029,基准情景,0.6588
晋城市,2025,基准情景,1.2773
晋城市,2026,基准情景,1.1654
晋城市,2027,基准情景,1.0632
晋城市,2028,基准情景,0.97
晋城市,2029,基准情景,0.885
普洱市,2025,基准情景,0.452
普洱市,2026,基准情景,0.4089
普洱市,2027,基准情景,0.3699
普洱市,2028,基准情景,0.3346
普洱市,2029,基准情景,0.3027
景德镇市,2025,基准情景,0.3372
景德镇市,2026,基准情景,0.3142
景德镇市,2027,基准情景,0.2925
景德镇市,2028,基准情景,0.2721
景德镇市,2029,基准情景,0.2528
曲靖市,2025,基准情景,0.8981
曲靖市,2026,基准情景,0.8104
曲靖市,2027,基准情景,0.7299
曲靖市,2028,基准情景,0.656
曲靖市,2029,基准情景,0.5886
朔州市,2025,基准情景,2.2726
朔州市,2026,基准情景,2.1406
朔州市,2027,基准情景,2.0154
朔州市,2028,基准情景,1.8967
朔州市,2029,基准情景,1.7842
朝阳市,2025,基准情景,1.4385
朝阳市,2026,基准情景,1.3645
朝阳市,2027,基准情景,1.2927
朝阳市,2028,基准情景,1.2231
朝阳市,2029,基准情景,1.1558
本溪市,2025,基准情景,1.6585
本溪市,2026,基准情景,1.6225
本溪市,2027,基准情景,1.5859
本溪市,2028,基准情景,1.549
本溪市,2029,基准情景,1.5116
来宾市,2025,基准情景,1.5987
来宾市,2026,基准情景,1.4796
来宾市,2027,基准情景,1.3682
来宾市,2028,基准情景,1.2641
来宾市,2029,基准情景,1.1669
杭州市,2025,基准情景,0.2214
杭州市,2026,基准情景,0.2019
杭州市,2027,基准情景,0.184
杭州市,2028,基准情景,0.1676
杭州市,2029,基准情景,0.1526
松原市,2025,基准情景,0.7389
松原市,2026,基准情景,0.7367
松原市,2027,基准情景,0.7333
松原市,2028,基准情景,0.7285
松原市,2029,基准情景,0.7225
枣庄市,2025,基准情景,1.6779
枣庄市,2026,基准情景,1.6057
枣庄市,2027,基准情景,1.5362
枣庄市,2028,基准情景,1.4693
枣庄市,2029,基准情景,1.405
柳州市,2025,基准情景,0.7252
柳州市,2026,基准情景,0.6808
柳州市,2027,基准情景,0.6385
柳州市,2028,基准情景,0.5981
柳州市,2029,基准情景,0.5597
株洲市,2025,基准情景,0.4418
株洲市,2026,基准情景,0.4058
株洲市,2027,基准情景,0.3722
株洲市,2028,基准情景,0.3408
株洲市,2029,基准情景,0.3115
桂林市,2025,基准情景,0.3452
桂林市,2026,基准情景,0.3248
桂林市,2027,基准情景,0.3053
桂林市,2028,基准情景,0.2867
桂林市,2029,基准情景,0.269
梅州市,2025,基准情景,0.7616
梅州市,2026,基准情景,0.7096
梅州市,2027,基准情景,0.6608
梅州市,2028,基准情景,0.615
梅州市,2029,基准情景,0.572
梧州市,2025,基准情景,0.2678
梧州市,2026,基准情景,0.251
梧州市,2027,基准情景,0.2352
梧州市,2028,基准情景,0.2203
梧州市,2029,基准情景,0.2063
榆林市,2025,基准情景,0.7585
榆林市,2026,基准情景,0.6802
榆林市,2027,基准情景,0.6099
榆林市,2028,基准情景,0.5467
榆林市,2029,基准情景,0.49
武威市,2025,基准情景,0.431
武威市,2026,基准情景,0.4009
武威市,2027,基准情景,0.3729
武威市,2028,基准情景,0.3468
武威市,2029,基准情景,0.3225
武汉市,2025,基准情景,0.3635
武汉市,2026,基准情景,0.3344
武汉市,2027,基准情景,0.3073
武汉市,2028,基准情景,0.2822
武汉市,2029,基准情景,0.2589
毕节市,2025,基准情景,1.2588
毕节市,2026,基准情景,1.1715
毕节市,2027,基准情景,1.0897
毕节市,2028,基准情景,1.0132
毕节市,2029,基准情景,0.9417
永州市,2025,基准情景,0.2043
永州市,2026,基准情景,0.1884
永州市,2027,基准情景,0.1736
永州市,2028,基准情景,0.1599
永州市,2029,基准情景,0.1472
汉中市,2025,基准情景,0.8888
汉中市,2026,基准情景,0.8216
汉中市,2027,基准情景,0.759
汉中市,2028,基准情景,0.7008
汉中市,2029,基准情景,0.6467
汕头市,2025,基准情景,0.5618
汕头市,2026,基准情景,0.5185
汕头市,2027,基准情景,0.4783
汕头市,2028,基准情景,0.441
汕头市,2029,基准情景,0.4064
汕尾市,2025,基准情景,0.4132
汕尾市,2026,基准情景,0.3777
汕尾市,2027,基准情景,0.3453
汕尾市,2028,基准情景,0.3156
汕尾市,2029,基准情景,0.2885
江门市,2025,基准情景,0.4316
江门市,2026,基准情景,0.3961
江门市,2027,基准情景,0.3634
江门市,2028,基准情景,0.3332
江门市,2029,基准情景,0.3053
池州市,2025,基准情景,1.0519
池州市,2026,基准情景,0.9589
池州市,2027,基准情景,0.8734
池州市,2028,基准情景,0.7949
池州市,2029,基准情景,0.7229
沈阳市,2025,基准情景,0.3076
沈阳市,2026,基准情景,0.2906
沈阳市,2027,基准情景,0.2744
沈阳市,2028,基准情景,0.2588
沈阳市,2029,基准情景,0.2438
沧州市,2025,基准情景,0.5108
沧州市,2026,基准情景,0.4799
沧州市,2027,基准情景,0.4507
沧州市,2028,基准情景,0.4232
沧州市,2029,基准情景,0.3973
河池市,2025,基准情景,0.3244
河池市,2026,基准情景,0.2931
河池市,2027,基准情景,0.2644
河池市,2028,基准情景,0.2383
河池市,2029,基准情景,0.2145
河源市,2025,基准情景,0.4393
河源市,2026,基准情景,0.4096
河源市,2027,基准情景,0.3819
河源市,2028,基准情景,0.356
河源市,2029,基准情景,0.3319
泉州市,2025,基准情景,0.1127
泉州市,2026,基准情景,0.1016
泉州市,2027,基准情景,0.0915
泉州市,2028,基准情景,0.0823
泉州市,2029,基准情景,0.0739
泰安市,2025,基准情景,1.4402
泰安市,2026,基准情景,1.3959
泰安市,2027,基准情景,1.3528
泰安市,2028,基准情景,1.3109
泰安市,2029,基准情景,1.2703
泰州市,2025,基准情景,0.4127
泰州市,2026,基准情景,0.3801
泰州市,2027,基准情景,0.35
泰州市,2028,基准情景,0.3222
泰州市,2029,基准情景,0.2966
泸州市,2025,基准情景,0.3447
泸州市,2026,基准情景,0.3154
泸州市,2027,基准情景,0.2885
泸州市,2028,基准情景,0.2636
泸州市,2029,基准情景,0.2408
洛阳市,2025,基准情景,0.6964
洛阳市,2026,基准情景,0.642
洛阳市,2027,基准情景,0.5912
洛阳市,2028,基准情景,0.5437
洛阳市,2029,基准情景,0.4996
济南市,2025,基准情景,0.5148
济南市,2026,基准情景,0.4609
济南市,2027,基准情景,0.4121
济南市,2028,基准情景,0.368
济南市,2029,基准情景,0.3281
济宁市,2025,基准情景,1.2164
济宁市,2026,基准情景,1.1329
济宁市,2027,基准情景,1.0541
济宁市,2028,基准情景,0.9798
济宁市,2029,基准情景,0.9097
海东市,2025,基准情景,0.5077
海东市,2026,基准情景,0.4699
海东市,2027,基准情景,0.4342
海东市,2028,基准情景,0.4006
海东市,2029,基准情景,0.3689
海口市,2025,基准情景,0.0998
海口市,2026,基准情景,0.0905
海口市,2027,基准情景,0.082
海口市,2028,基准情景,0.0742
海口市,2029,基准情景,0.0672
淄博市,2025,基准情景,1.0439
淄博市,2026,基准情景,0.9921
淄博市,2027,基准情景,0.9421
淄博市,2028,基准情景,0.8939
淄博市,2029,基准情景,0.8474
淮北市,2025,基准情景,1.1951
淮北市,2026,基准情景,1.0898
淮北市,2027,基准情景,0.9924
淮北市,2028,基准情景,0.9024
淮北市,2029,基准情景,0.8194
淮南市,2025,基准情景,2.7956
淮南市,2026,基准情景,2.5687
淮南市,2027,基准情景,2.3591
淮南市,2028,基准情景,2.1657
淮南市,2029,基准情景,1.9872
淮安市,2025,基准情景,0.4222
淮安市,2026,基准情景,0.3875
淮安市,2027,基准情景,0.3556
淮安市,2028,基准情景,0.3261
淮安市,2029,基准情景,0.2989
深圳市,2025,基准情景,0.1246
深圳市,2026,基准情景,0.1203
深圳市,2027,基准情景,0.1161
深圳市,2028,基准情景,0.112
深圳市,2029,基准情景,0.1081
清远市,2025,基准情景,1.2382
清远市,2026,基准情景,1.1406
清远市,2027,基准情景,1.0498
清远市,2028,基准情景,0.9656
清远市,2029,基准情景,0.8873
温州市,2025,基准情景,0.2382
温州市,2026,基准情景,0.2156
温州市,2027,基准情景,0.1951
温州市,2028,基准情景,0.1765
温州市,2029,基准情景,0.1595
渭南市,2025,基准情景,1.797
渭南市,2026,基准情景,1.6528
渭南市,2027,基准情景,1.5188
渭南市,2028,基准情景,1.3945
渭南市,2029,基准情景,1.2792
湖州市,2025,基准情景,0.2909
湖州市,2026,基准情景,0.263
湖州市,2027,基准情景,0.2375
湖州市,2028,基准情景,0.2141
湖州市,2029,基准情景,0.1928
湘潭市,2025,基准情景,0.8956
湘潭市,2026,基准情景,0.8241
湘潭市,2027,基准情景,0.7577
湘潭市,2028,基准情景,0.6961
湘潭市,2029,基准情景,0.6389
湛江市,2025,基准情景,0.6917
湛江市,2026,基准情景,0.6422
湛江市,2027,基准情景,0.5958
湛江市,2028,基准情景,0.5523
湛江市,2029,基准情景,0.5116
滁州市,2025,基准情景,0.3079
滁州市,2026,基准情景,0.2726
滁州市,2027,基准情景,0.2413
滁州市,2028,基准情景,0.2134
滁州市,2029,基准情景,0.1886
滨州市,2025,基准情景,1.6581
滨州市,2026,基准情景,1.5535
滨州市,2027,基准情景,1.4544
滨州市,2028,基准情景,1.3606
滨州市,2029,基准情景,1.2718
漯河市,2025,基准情景,0.338
漯河市,2026,基准情景,0.3042
漯河市,2027,基准情景,0.2733
漯河市,2028,基准情景,0.245
漯河市,2029,基准情景,0.2193
漳州市,2025,基准情景,0.5004
漳州市,2026,基准情景,0.4532
漳州市,2027,基准情景,0.4103
漳州市,2028,基准情景,0.3714
漳州市,2029,基准情景,0.336
潍坊市,2025,基准情景,1.1884
潍坊市,2026,基准情景,1.1151
潍坊市,2027,基准情景,1.0461
潍坊市,2028,基准情景,0.9813
潍坊市,2029,基准情景,0.9203
潮州市,2025,基准情景,0.4996
潮州市,2026,基准情景,0.4638
潮州市,2027,基准情景,0.4302
潮州市,2028,基准情景,0.3987
潮州市,2029,基准情景,0.3692
濮阳市,2025,基准情景,0.4894
濮阳市,2026,基准情景,0.4597
濮阳市,2027,基准情景,0.4317
濮阳市,2028,基准情景,0.4053
濮阳市,2029,基准情景,0.3804
烟台市,2025,基准情景,0.4318
烟台市,2026,基准情景,0.3988
烟台市,2027,基准情景,0.368
烟台市,2028,基准情景,0.3392
烟台市,2029,基准情景,0.3124
焦作市,2025,基准情景,1.1499
焦作市,2026,基准情景,1.0845
焦作市,2027,基准情景,1.0218
焦作市,2028,基准情景,0.9619
焦作市,2029,基准情景,0.9048
牡丹江市,2025,基准情景,1.0475
牡丹江市,2026,基准情景,1.042
牡丹江市,2027,基准情景,1.0358
牡丹江市,2028,基准情景,1.029
牡丹江市,2029,基准情景,1.0216
玉林市,2025,基准情景,0.1617
玉林市,2026,基准情景,0.1482
玉林市,2027,基准情景,0.1358
玉林市,2028,基准情景,0.1243
玉林市,2029,基准情景,0.1137
玉溪市,2025,基准情景,0.4251
玉溪市,2026,基准情景,0.3906
玉溪市,2027,基准情景,0.3587
玉溪市,2028,基准情景,0.3294
玉溪市,2029,基准情景,0.3024
珠海市,2025,基准情景,0.3477
珠海市,2026,基准情景,0.3121
珠海市,2027,基准情景,0.2799
珠海市,2028,基准情景,0.2508
珠海市,2029,基准情景,0.2245
白城市,2025,基准情景,0.8455
白城市,2026,基准情景,0.8153
白城市,2027,基准情景,0.7855
白城市,2028,基准情景,0.7562
白城市,2029,基准情景,0.7273
白山市,2025,基准情景,1.1503
白山市,2026,基准情景,1.119
白山市,2027,基准情景,1.0875
白山市,2028,基准情景,1.0558
白山市,2029,基准情景,1.0239
白银市,2025,基准情景,3.9596
白银市,2026,基准情景,3.6923
白银市,2027,基准情景,3.4417
白银市,2028,基准情景,3.2068
白银市,2029,基准情景,2.9868
百色市,2025,基准情景,0.5951
百色市,2026,基准情景,0.5409
百色市,2027,基准情景,0.4912
百色市,2028,基准情景,0.4456
百色市,2029,基准情景,0.4038
益阳市,2025,基准情景,0.5368
益阳市,2026,基准情景,0.4998
益阳市,2027,基准情景,0.4648
益阳市,2028,基准情景,0.4319
益阳市,2029,基准情景,0.4008
盐城市,2025,基准情景,0.306
盐城市,2026,基准情景,0.2798
盐城市,2027,基准情景,0.2554
盐城市,2028,基准情景,0.2329
盐城市,2029,基准情景,0.212
盘锦市,2025,基准情景,0.4393
盘锦市,2026,基准情景,0.4217
盘锦市,2027,基准情景,0.4046
盘锦市,2028,基准情景,0.3878
盘锦市,2029,基准情景,0.3714
眉山市,2025,基准情景,0.2884
眉山市,2026,基准情景,0.2663
眉山市,2027,基准情景,0.2456
眉山市,2028,基准情景,0.2262
眉山市,2029,基准情景,0.2082
石嘴山市,2025,基准情景,2.7856
石嘴山市,2026,基准情景,2.692
石嘴山市,2027,基准情景,2.5998
石嘴山市,2028,基准情景,2.509
石嘴山市,2029,基准情景,2.4198
石家庄市,2025,基准情景,0.6922
石家庄市,2026,基准情景,0.6401
石家庄市,2027,基准情景,0.5918
石家庄市,2028,基准情景,0.5469
石家庄市,2029,基准情景,0.5052
福州市,2025,基准情景,0.2681
福州市,2026,基准情景,0.2388
福州市,2027,基准情景,0.2125
福州市,2028,基准情景,0.1891
福州市,2029,基准情景,0.1681
秦皇岛市,2025,基准情景,0.7809
秦皇岛市,2026,基准情景,0.7202
秦皇岛市,2027,基准情景,0.6636
秦皇岛市,2028,基准情景,0.611
秦皇岛市,2029,基准情景,0.562
绍兴市,2025,基准情景,0.1426
绍兴市,2026,基准情景,0.1304
绍兴市,2027,基准情景,0.1191
绍兴市,2028,基准情景,0.1087
绍兴市,2029,基准情景,0.0992
绥化市,2025,基准情景,0.6781
绥化市,2026,基准情景,0.6589
绥化市,2027,基准情景,0.6399
绥化市,2028,基准情景,0.6211
绥化市,2029,基准情景,0.6025
绵阳市,2025,基准情景,0.5105
绵阳市,2026,基准情景,0.4538
绵阳市,2027,基准情景,0.4029
绵阳市,2028,基准情景,0.3571
绵阳市,2029,基准情景,0.316
聊城市,2025,基准情景,1.8236
聊城市,2026,基准情景,1.7462
聊城市,2027,基准情景,1.6704
聊城市,2028,基准情景,1.5961
聊城市,2029,基准情景,1.5235
肇庆市,2025,基准情景,0.4501
肇庆市,2026,基准情景,0.4199
肇庆市,2027,基准情景,0.3913
肇庆市,2028,基准情景,0.3644
肇庆市,2029,基准情景,0.3391
自贡市,2025,基准情景,0.1314
自贡市,2026,基准情景,0.1199
自贡市,2027,基准情景,0.1093
自贡市,2028,基准情景,0.0996
自贡市,2029,基准情景,0.0906
舟山市,2025,基准情景,0.444
舟山市,2026,基准情景,0.4083
舟山市,2027,基准情景,0.3752
舟山市,2028,基准情景,0.3446
舟山市,2029,基准情景,0.3163
芜湖市,2025,基准情景,0.4144
芜湖市,2026,基准情景,0.3735
芜湖市,2027,基准情景,0.3361
芜湖市,2028,基准情景,0.302
芜湖市,2029,基准情景,0.271
苏州市,2025,基准情景,0.634
苏州市,2026,基准情景,0.6028
苏州市,2027,基准情景,0.5726
苏州市,2028,基准情景,0.5434
苏州市,2029,基准情景,0.5152
茂名市,2025,基准情景,0.2854
茂名市,2026,基准情景,0.2643
茂名市,2027,基准情景,0.2447
茂名市,2028,基准情景,0.2265
茂名市,2029,基准情景,0.2097
荆州市,2025,基准情景,0.4791
荆州市,2026,基准情景,0.4322
荆州市,2027,基准情景,0.3896
荆州市,2028,基准情景,0.3507
荆州市,2029,基准情景,0.3154
荆门市,2025,基准情景,0.6414
荆门市,2026,基准情景,0.5885
荆门市,2027,基准情景,0.5394
荆门市,2028,基准情景,0.4938
荆门市,2029,基准情景,0.4515
莆田市,2025,基准情景,0.2306
莆田市,2026,基准情景,0.208
莆田市,2027,基准情景,0.1875
莆田市,2028,基准情景,0.1689
莆田市,2029,基准情景,0.1521
菏泽市,2025,基准情景,0.4774
菏泽市,2026,基准情景,0.4357
菏泽市,2027,基准情景,0.3973
菏泽市,2028,基准情景,0.3622
菏泽市,2029,基准情景,0.33
萍乡市,2025,基准情景,1.424
萍乡市,2026,基准情景,1.3434
萍乡市,2027,基准情景,1.2662
萍乡市,2028,基准情景,1.1925
萍乡市,2029,基准情景,1.1221
营口市,2025,基准情景,1.3404
营口市,2026,基准情景,1.2752
营口市,2027,基准情景,1.2112
营口市,2028,基准情景,1.1486
营口市,2029,基准情景,1.0875
葫芦岛市,2025,基准情景,1.3809
葫芦岛市,2026,基准情景,1.3003
葫芦岛市,2027,基准情景,1.2235
葫芦岛市,2028,基准情景,1.1503
葫芦岛市,2029,基准情景,1.0806
蚌埠市,2025,基准情景,0.2486
蚌埠市,2026,基准情景,0.2252
蚌埠市,2027,基准情景,0.2037
蚌埠市,2028,基准情景,0.1839
蚌埠市,2029,基准情景,0.1658
衡水市,2025,基准情景,1.2083
衡水市,2026,基准情景,1.1141
衡水市,2027,基准情景,1.0263
衡水市,2028,基准情景,0.9445
衡水市,2029,基准情景,0.8683
衡阳市,2025,基准情景,0.2631
衡阳市,2026,基准情景,0.2411
衡阳市,2027,基准情景,0.2205
衡阳市,2028,基准情景,0.2015
衡阳市,2029,基准情景,0.1839
衢州市,2025,基准情景,0.8671
衢州市,2026,基准情景,0.7931
衢州市,2027,基准情景,0.7251
衢州市,2028,基准情景,0.6625
衢州市,2029,基准情景,0.605
襄阳市,2025,基准情景,0.6156
襄阳市,2026,基准情景,0.5663
襄阳市,2027,基准情景,0.5204
襄阳市,2028,基准情景,0.478
襄阳市,2029,基准情景,0.4386
西宁市,2025,基准情景,0.7205
西宁市,2026,基准情景,0.6742
西宁市,2027,基准情景,0.6297
西宁市,2028,基准情景,0.587
西宁市,2029,基准情景,0.5461
西安市,2025,基准情景,0.1917
西安市,2026,基准情景,0.171
西安市,2027,基准情景,0.1524
西安市,2028,基准情景,0.1358
西安市,2029,基准情景,0.1208
许昌市,2025,基准情景,0.4664
许昌市,2026,基准情景,0.4283
许昌市,2027,基准情景,0.3926
许昌市,2028,基准情景,0.3592
许昌市,2029,基准情景,0.3281
贵港市,2025,基准情景,3.572
贵港市,2026,基准情景,3.3229
贵港市,2027,基准情景,3.0909
贵港市,2028,基准情景,2.8748
贵港市,2029,基准情景,2.6735
贵阳市,2025,基准情景,0.2375
贵阳市,2026,基准情景,0.2134
贵阳市,2027,基准情景,0.1915
贵阳市,2028,基准情景,0.1717
贵阳市,2029,基准情景,0.1537
贺州市,2025,基准情景,0.85
贺州市,2026,基准情景,0.7784
贺州市,2027,基准情景,0.7122
贺州市,2028,基准情景,0.6512
贺州市,2029,基准情景,0.5949
资阳市,2025,基准情景,0.1714
资阳市,2026,基准情景,0.1703
资阳市,2027,基准情景,0.1692
资阳市,2028,基准情景,0.168
资阳市,2029,基准情景,0.1669
赣州市,2025,基准情景,0.2352
赣州市,2026,基准情景,0.2098
赣州市,2027,基准情景,0.1868
赣州市,2028,基准情景,0.1661
赣州市,2029,基准情景,0.1474
赤峰市,2025,基准情景,1.004
赤峰市,2026,基准情景,0.9546
赤峰市,2027,基准情景,0.9075
赤峰市,2028,基准情景,0.8627
赤峰市,2029,基准情景,0.82
辽源市,2025,基准情景,1.0076
辽源市,2026,基准情景,0.9944
辽源市,2027,基准情景,0.9802
辽源市,2028,基准情景,0.9649
辽源市,2029,基准情景,0.9487
辽阳市,2025,基准情景,2.4838
辽阳市,2026,基准情景,2.401
辽阳市,2027,基准情景,2.3188
辽阳市,2028,基准情景,2.2374
辽阳市,2029,基准情景,2.1568
达州市,2025,基准情景,0.4486
达州市,2026,基准情景,0.4049
达州市,2027,基准情景,0.3649
达州市,2028,基准情景,0.3282
达州市,2029,基准情景,0.2948
运城市,2025,基准情景,2.0424
运城市,2026,基准情景,1.9128
运城市,2027,基准情景,1.7912
运城市,2028,基准情景,1.6772
运城市,2029,基准情景,1.5702
连云港市,2025,基准情景,0.6889
连云港市,2026,基准情景,0.6285
连云港市,2027,基准情景,0.5733
连云港市,2028,基准情景,0.5229
连云港市,2029,基准情景,0.4767
通化市,2025,基准情景,1.4689
通化市,2026,基准情景,1.4891
通化市,2027,基准情景,1.5083
通化市,2028,基准情景,1.5266
通化市,2029,基准情景,1.5439
通辽市,2025,基准情景,1.6243
通辽市,2026,基准情景,1.6133
通辽市,2027,基准情景,1.6016
通辽市,2028,基准情景,1.5891
通辽市,2029,基准情景,1.5758
遂宁市,2025,基准情景,0.1441
遂宁市,2026,基准情景,0.1312
遂宁市,2027,基准情景,0.1194
遂宁市,2028,基准情景,0.1086
遂宁市,2029,基准情景,0.0986
遵义市,2025,基准情景,0.3975
遵义市,2026,基准情景,0.3593
遵义市,2027,基准情景,0.3245
遵义市,2028,基准情景,0.293
遵义市,2029,基准情景,0.2644
邢台市,2025,基准情景,1.1811
邢台市,2026,基准情景,1.0933
邢台市,2027,基准情景,1.011
邢台市,2028,基准情景,0.9337
邢台市,2029,基准情景,0.8613
邯郸市,2025,基准情景,1.7829
邯郸市,2026,基准情景,1.6659
邯郸市,2027,基准情景,1.5559
邯郸市,2028,基准情景,1.4523
邯郸市,2029,基准情景,1.3549
邵阳市,2025,基准情景,0.3951
邵阳市,2026,基准情景,0.3596
邵阳市,2027,基准情景,0.3269
邵阳市,2028,基准情景,0.2968
邵阳市,2029,基准情景,0.2691
郑州市,2025,基准情景,0.4272
郑州市,2026,基准情景,0.388
郑州市,2027,基准情景,0.3523
郑州市,2028,基准情景,0.3198
郑州市,2029,基准情景,0.2902
郴州市,2025,基准情景,0.5817
郴州市,2026,基准情景,0.5396
郴州市,2027,基准情景,0.5
郴州市,2028,基准情景,0.463
郴州市,2029,基准情景,0.4284
鄂尔多斯市,2025,基准情景,1.3082
鄂尔多斯市,2026,基准情景,1.2318
鄂尔多斯市,2027,基准情景,1.1576
鄂尔多斯市,2028,基准情景,1.0858
鄂尔多斯市,2029,基准情景,1.0165
鄂州市,2025,基准情景,1.5691
鄂州市,2026,基准情景,1.4231
鄂州市,2027,基准情景,1.2891
鄂州市,2028,基准情景,1.1662
鄂州市,2029,基准情景,1.0538
酒泉市,2025,基准情景,1.0853
酒泉市,2026,基准情景,1.0056
酒泉市,2027,基准情景,0.931
酒泉市,2028,基准情景,0.8611
酒泉市,2029,基准情景,0.7958
重庆市,2025,基准情景,0.5645
重庆市,2026,基准情景,0.5432
重庆市,2027,基准情景,0.5224
重庆市,2028,基准情景,0.5021
重庆市,2029,基准情景,0.4823
金华市,2025,基准情景,0.4353
金华市,2026,基准情景,0.3952
金华市,2027,基准情景,0.3584
金华市,2028,基准情景,0.3248
金华市,2029,基准情景,0.2942
金昌市,2025,基准情景,1.4889
金昌市,2026,基准情景,1.3428
金昌市,2027,基准情景,1.2107
金昌市,2028,基准情景,1.0914
金昌市,2029,基准情景,0.9837
钦州市,2025,基准情景,0.4462
钦州市,2026,基准情景,0.407
钦州市,2027,基准情景,0.3709
钦州市,2028,基准情景,0.3377
钦州市,2029,基准情景,0.3072
铁岭市,2025,基准情景,2.8851
铁岭市,2026,基准情景,2.7984
铁岭市,2027,基准情景,2.713
铁岭市,2028,基准情景,2.629
铁岭市,2029,基准情景,2.5463
铜仁市,2025,基准情景,0.1515
铜仁市,2026,基准情景,0.137
铜仁市,2027,基准情景,0.1238
铜仁市,2028,基准情景,0.1117
铜仁市,2029,基准情景,0.1008
铜川市,2025,基准情景,1.3127
铜川市,2026,基准情景,1.2043
铜川市,2027,基准情景,1.1038
铜川市,2028,基准情景,1.0107
铜川市,2029,基准情景,0.9246
铜陵市,2025,基准情景,1.6387
铜陵市,2026,基准情景,1.5316
铜陵市,2027,基准情景,1.4291
铜陵市,2028,基准情景,1.3314
铜陵市,2029,基准情景,1.2384
银川市,2025,基准情景,1.1525
银川市,2026,基准情景,1.0523
银川市,2027,基准情景,0.9589
银川市,2028,基准情景,0.8721
银川市,2029,基准情景,0.7916
锦州市,2025,基准情景,0.9893
锦州市,2026,基准情景,0.9507
锦州市,2027,基准情景,0.913
锦州市,2028,基准情景,0.876
锦州市,2029,基准情景,0.8398
镇江市,2025,基准情景,0.9227
镇江市,2026,基准情景,0.8589
镇江市,2027,基准情景,0.7992
镇江市,2028,基准情景,0.7432
镇江市,2029,基准情景,0.6909
长春市,2025,基准情景,0.3408
长春市,2026,基准情景,0.316
长春市,2027,基准情景,0.2925
长春市,2028,基准情景,0.2703
长春市,2029,基准情景,0.2493
长沙市,2025,基准情景,0.1051
长沙市,2026,基准情景,0.0965
长沙市,2027,基准情景,0.0886
长沙市,2028,基准情景,0.0813
长沙市,2029,基准情景,0.0746
长治市,2025,基准情景,1.8422
长治市,2026,基准情景,1.6897
长治市,2027,基准情景,1.5483
长治市,2028,基准情景,1.4174
长治市,2029,基准情景,1.2962
阜新市,2025,基准情景,1.4273
阜新市,2026,基准情景,1.3478
阜新市,2027,基准情景,1.2714
阜新市,2028,基准情景,1.1983
阜新市,2029,基准情景,1.1282
阜阳市,2025,基准情景,0.4567
阜阳市,2026,基准情景,0.4052
阜阳市,2027,基准情景,0.3593
阜阳市,2028,基准情景,0.3185
阜阳市,2029,基准情景,0.2821
防城港市,2025,基准情景,0.8069
防城港市,2026,基准情景,0.7427
防城港市,2027,基准情景,0.683
防城港市,2028,基准情景,0.6276
防城港市,2029,基准情景,0.5762
阳江市,2025,基准情景,0.4
阳江市,2026,基准情景,0.3768
阳江市,2027,基准情景,0.3547
阳江市,2028,基准情景,0.3335
阳江市,2029,基准情景,0.3133
阳泉市,2025,基准情景,1.9675
阳泉市,2026,基准情景,1.8565
阳泉市,2027,基准情景,1.7508
阳泉市,2028,基准情景,1.6502
阳泉市,2029,基准情景,1.5546
陇南市,2025,基准情景,0.3519
陇南市,2026,基准情景,0.3219
陇南市,2027,基准情景,0.2942
陇南市,2028,基准情景,0.2687
陇南市,2029,基准情景,0.2451
随州市,2025,基准情景,0.3987
随州市,2026,基准情景,0.3653
随州市,2027,基准情景,0.3343
随州市,2028,基准情景,0.3055
随州市,2029,基准情景,0.279
雅安市,2025,基准情景,0.1808
雅安市,2026,基准情景,0.1644
雅安市,2027,基准情景,0.1494
雅安市,2028,基准情景,0.1356
雅安市,2029,基准情景,0.1231
青岛市,2025,基准情景,0.1843
青岛市,2026,基准情景,0.1686
青岛市,2027,基准情景,0.1541
青岛市,2028,基准情景,0.1408
青岛市,2029,基准情景,0.1285
鞍山市,2025,基准情景,2.6377
鞍山市,2026,基准情景,2.5489
鞍山市,2027,基准情景,2.4603
鞍山市,2028,基准情景,2.3722
鞍山市,2029,基准情景,2.2846
韶关市,2025,基准情景,1.3148
韶关市,2026,基准情景,1.2355
韶关市,2027,基准情景,1.1599
韶关市,2028,基准情景,1.088
韶关市,2029,基准情景,1.0196
马鞍山市,2025,基准情景,1.245
马鞍山市,2026,基准情景,1.1308
马鞍山市,2027,基准情景,1.0264
马鞍山市,2028,基准情景,0.931
马鞍山市,2029,基准情景,0.8438
驻马店市,2025,基准情景,0.4409
驻马店市,2026,基准情景,0.4051
驻马店市,2027,基准情景,0.3717
驻马店市,2028,基准情景,0.3406
驻马店市,2029,基准情景,0.3117
鸡西市,2025,基准情景,1.0589
鸡西市,2026,基准情景,1.0161
鸡西市,2027,基准情景,0.9748
鸡西市,2028,基准情景,0.9349
鸡西市,2029,基准情景,0.8963
鹤壁市,2025,基准情景,1.1012
鹤壁市,2026,基准情景,1.0304
鹤壁市,2027,基准情景,0.9639
鹤壁市,2028,基准情景,0.9014
鹤壁市,2029,基准情景,0.8427
鹤岗市,2025,基准情景,1.3317
鹤岗市,2026,基准情景,1.2706
鹤岗市,2027,基准情景,1.2111
鹤岗市,2028,基准情景,1.1533
鹤岗市,2029,基准情景,1.0973
鹰潭市,2025,基准情景,0.5144
鹰潭市,2026,基准情景,0.4691
鹰潭市,2027,基准情景,0.4277
鹰潭市,2028,基准情景,0.3897
鹰潭市,2029,基准情景,0.3551
黄冈市,2025,基准情景,0.852
黄冈市,2026,基准情景,0.7761
黄冈市,2027,基准情景,0.7064
黄冈市,2028,基准情景,0.6424
黄冈市,2029,基准情景,0.5837
黄山市,2025,基准情景,0.2416
黄山市,2026,基准情景,0.219
黄山市,2027,基准情景,0.1982
黄山市,2028,基准情景,0.1791
黄山市,2029,基准情景,0.1616
黄石市,2025,基准情景,2.6837
黄石市,2026,基准情景,2.4483
黄石市,2027,基准情景,2.2313
黄石市,2028,基准情景,2.0316
黄石市,2029,基准情景,1.848
黑河市,2025,基准情景,0.7762
黑河市,2026,基准情景,0.7305
黑河市,2027,基准情景,0.6868
黑河市,2028,基准情景,0.6451
黑河市,2029,基准情景,0.6052
齐齐哈尔市,2025,基准情景,1.3176
齐齐哈尔市,2026,基准情景,1.2656
齐齐哈尔市,2027,基准情景,1.2142
齐齐哈尔市,2028,基准情景,1.1636
齐齐哈尔市,2029,基准情景,1.1138
龙岩市,2025,基准情景,0.7412
龙岩市,2026,基准情景,0.6779
龙岩市,2027,基准情景,0.6198
龙岩市,2028,基准情景,0.5664
龙岩市,2029,基准情景,0.5173
七台河市,2025,低碳情景,4.0024
七台河市,2026,低碳情景,3.8919
七台河市,2027,低碳情景,3.7797
七台河市,2028,低碳情景,3.666
七台河市,2029,低碳情景,3.5511
三亚市,2025,低碳情景,0.1428
三亚市,2026,低碳情景,0.1275
三亚市,2027,低碳情景,0.1138
三亚市,2028,低碳情景,0.1015
三亚市,2029,低碳情景,0.0905
三明市,2025,低碳情景,0.7342
三明市,2026,低碳情景,0.6753
三明市,2027,低碳情景,0.6201
三明市,2028,低碳情景,0.5685
三明市,2029,低碳情景,0.5204
三门峡市,2025,低碳情景,0.9711
三门峡市,2026,低碳情景,0.9061
三门峡市,2027,低碳情景,0.8435
三门峡市,2028,低碳情景,0.7834
三门峡市,2029,低碳情景,0.7259
上海市,2025,低碳情景,0.4873
上海市,2026,低碳情景,0.464
上海市,2027,低碳情景,0.4412
上海市,2028,低碳情景,0.4188
上海市,2029,低碳情景,0.3971
上饶市,2025,低碳情景,0.3304
上饶市,2026,低碳情景,0.2959
上饶市,2027,低碳情景,0.2643
上饶市,2028,低碳情景,0.2355
上饶市,2029,低碳情景,0.2093
东莞市,2025,低碳情景,0.274
东莞市,2026,低碳情景,0.2493
东莞市,2027,低碳情景,0.2265
东莞市,2028,低碳情景,0.2056
东莞市,2029,低碳情景,0.1863
东营市,2025,低碳情景,0.3581
东营市,2026,低碳情景,0.3368
东营市,2027,低碳情景,0.3162
东营市,2028,低碳情景,0.2962
东营市,2029,低碳情景,0.277
中卫市,2025,低碳情景,1.3367
中卫市,2026,低碳情景,1.2334
中卫市,2027,低碳情景,1.1376
中卫市,2028,低碳情景,1.0489
中卫市,2029,低碳情景,0.9667
中山市,2025,低碳情景,0.4598
中山市,2026,低碳情景,0.4263
中山市,2027,低碳情景,0.3943
中山市,2028,低碳情景,0.364
中山市,2029,低碳情景,0.3353
临汾市,2025,低碳情景,1.4317
临汾市,2026,低碳情景,1.2891
临汾市,2027,低碳情景,1.1579
临汾市,2028,低碳情景,1.0375
临汾市,2029,低碳情景,0.9275
临沂市,2025,低碳情景,1.0021
临沂市,2026,低碳情景,0.9271
临沂市,2027,低碳情景,0.8574
临沂市,2028,低碳情景,0.7927
临沂市,2029,低碳情景,0.7327
临沧市,2025,低碳情景,0.2216
临沧市,2026,低碳情景,0.1997
临沧市,2027,低碳情景,0.1795
临沧市,2028,低碳情景,0.1608
临沧市,2029,低碳情景,0.1436
丹东市,2025,低碳情景,1.0736
丹东市,2026,低碳情景,1.0265
丹东市,2027,低碳情景,0.9791
丹东市,2028,低碳情景,0.9317
丹东市,2029,低碳情景,0.8843
丽水市,2025,低碳情景,0.2111
丽水市,2026,低碳情景,0.19
丽水市,2027,低碳情景,0.1707
丽水市,2028,低碳情景,0.153
丽水市,2029,低碳情景,0.1369
丽江市,2025,低碳情景,0.3669
丽江市,2026,低碳情景,0.3281
丽江市,2027,低碳情景,0.2925
丽江市,2028,低碳情景,0.2599
丽江市,2029,低碳情景,0.2303
乌兰察布市,2025,低碳情景,2.9506
乌兰察布市,2026,低碳情景,2.7524
乌兰察布市,2027,低碳情景,2.5595
乌兰察布市,2028,低碳情景,2.3728
乌兰察布市,2029,低碳情景,2.1928
乌海市,2025,低碳情景,2.6426
乌海市,2026,低碳情景,2.5178
乌海市,2027,低碳情景,2.3915
乌海市,2028,低碳情景,2.2645
乌海市,2029,低碳情景,2.1375
乌鲁木齐市,2025,低碳情景,0.881
乌鲁木齐市,2026,低碳情景,0.812
乌鲁木齐市,2027,低碳情景,0.7463
乌鲁木齐市,2028,低碳情景,0.6841
乌鲁木齐市,2029,低碳情景,0.6253
乐山市,2025,低碳情景,0.2956
乐山市,2026,低碳情景,0.2664
乐山市,2027,低碳情景,0.2393
乐山市,2028,低碳情景,0.2142
乐山市,2029,低碳情景,0.1913
九江市,2025,低碳情景,0.5841
九江市,2026,低碳情景,0.5258
九江市,2027,低碳情景,0.4724
九江市,2028,低碳情景,0.4237
九江市,2029,低碳情景,0.3793
云浮市,2025,低碳情景,2.8443
云浮市,2026,低碳情景,2.5921
云浮市,2027,低碳情景,2.3597
云浮市,2028,低碳情景,2.146
云浮市,2029,低碳情景,1.9496
亳州市,2025,低碳情景,0.241
亳州市,2026,低碳情景,0.2156
亳州市,2027,低碳情景,0.1927
亳州市,2028,低碳情景,0.1721
亳州市,2029,低碳情景,0.1536
伊春市,2025,低碳情景,1.9209
伊春市,2026,低碳情景,1.8173
伊春市,2027,低碳情景,1.7175
伊春市,2028,低碳情景,1.6215
伊春市,2029,低碳情景,1.5293
佛山市,2025,低碳情景,0.185
佛山市,2026,低碳情景,0.1694
佛山市,2027,低碳情景,0.1549
佛山市,2028,低碳情景,0.1415
佛山市,2029,低碳情景,0.1291
佳木斯市,2025,低碳情景,1.2949
佳木斯市,2026,低碳情景,1.2274
佳木斯市,2027,低碳情景,1.1616
佳木斯市,2028,低碳情景,1.0976
佳木斯市,2029,低碳情景,1.0355
保定市,2025,低碳情景,0.6154
保定市,2026,低碳情景,0.5643
保定市,2027,低碳情景,0.5168
保定市,2028,低碳情景,0.4726
保定市,2029,低碳情景,0.4316
保山市,2025,低碳情景,0.1606
保山市,2026,低碳情景,0.1436
保山市,2027,低碳情景,0.1279
保山市,2028,低碳情景,0.1136
保山市,2029,低碳情景,0.1006
信阳市,2025,低碳情景,0.8673
信阳市,2026,低碳情景,0.799
信阳市,2027,低碳情景,0.7346
信阳市,2028,低碳情景,0.6739
信阳市,2029,低碳情景,0.617
克拉玛依市,2025,低碳情景,0.3805
克拉玛依市,2026,低碳情景,0.3482
克拉玛依市,2027,低碳情景,0.3177
克拉玛依市,2028,低碳情景,0.2889
克拉玛依市,2029,低碳情景,0.2619
六安市,2025,低碳情景,0.4456
六安市,2026,低碳情景,0.3999
六安市,2027,低碳情景,0.3582
六安市,2028,低碳情景,0.32
六安市,2029,低碳情景,0.2853
六盘水市,2025,低碳情景,1.6404
六盘水市,2026,低碳情景,1.5253
六盘水市,2027,低碳情景,1.4158
六盘水市,2028,低碳情景,1.312
六盘水市,2029,低碳情景,1.2137
兰州市,2025,低碳情景,0.7019
兰州市,2026,低碳情景,0.6399
兰州市,2027,低碳情景,0.5825
兰州市,2028,低碳情景,0.5296
兰州市,2029,低碳情景,0.4809
内江市,2025,低碳情景,0.6861
内江市,2026,低碳情景,0.6399
内江市,2027,低碳情景,0.5961
内江市,2028,低碳情景,0.5545
内江市,2029,低碳情景,0.5151
包头市,2025,低碳情景,1.2523
包头市,2026,低碳情景,1.2029
包头市,2027,低碳情景,1.1532
包头市,2028,低碳情景,1.1034
包头市,2029,低碳情景,1.0536
北海市,2025,低碳情景,0.3538
北海市,2026,低碳情景,0.3168
北海市,2027,低碳情景,0.2832
北海市,2028,低碳情景,0.2526
北海市,2029,低碳情景,0.2248
十堰市,2025,低碳情景,0.1892
十堰市,2026,低碳情景,0.1703
十堰市,2027,低碳情景,0.1528
十堰市,2028,低碳情景,0.1368
十堰市,2029,低碳情景,0.1222
南京市,2025,低碳情景,0.4208
南京市,2026,低碳情景,0.3826
南京市,2027,低碳情景,0.3473
南京市,2028,低碳情景,0.3147
南京市,2029,低碳情景,0.2846
南充市,2025,低碳情景,0.1236
南充市,2026,低碳情景,0.1112
南充市,2027,低碳情景,0.0997
南充市,2028,低碳情景,0.0892
南充市,2029,低碳情景,0.0796
南宁市,2025,低碳情景,0.623
南宁市,2026,低碳情景,0.562
南宁市,2027,低碳情景,0.5059
南宁市,2028,低碳情景,0.4542
南宁市,2029,低碳情景,0.4069
南平市,2025,低碳情景,0.6347
南平市,2026,低碳情景,0.5858
南平市,2027,低碳情景,0.5397
南平市,2028,低碳情景,0.4965
南平市,2029,低碳情景,0.4559
南昌市,2025,低碳情景,0.1999
南昌市,2026,低碳情景,0.1817
南昌市,2027,低碳情景,0.165
南昌市,2028,低碳情景,0.1496
南昌市,2029,低碳情景,0.1355
南通市,2025,低碳情景,0.2681
南通市,2026,低碳情景,0.2424
南通市,2027,低碳情景,0.2188
南通市,2028,低碳情景,0.1972
南通市,2029,低碳情景,0.1774
南阳市,2025,低碳情景,1.015
南阳市,2026,低碳情景,0.9367
南阳市,2027,低碳情景,0.863
南阳市,2028,低碳情景,0.7939
南阳市,2029,低碳情景,0.729
厦门市,2025,低碳情景,0.1043
厦门市,2026,低碳情景,0.0927
厦门市,2027,低碳情景,0.0823
厦门市,2028,低碳情景,0.073
厦门市,2029,低碳情景,0.0647
双鸭山市,2025,低碳情景,2.4251
双鸭山市,2026,低碳情景,2.3048
双鸭山市,2027,低碳情景,2.1851
双鸭山市,2028,低碳情景,2.0666
双鸭山市,2029,低碳情景,1.9496
台州市,2025,低碳情景,0.3797
台州市,2026,低碳情景,0.3439
台州市,2027,低碳情景,0.3109
台州市,2028,低碳情景,0.2805
台州市,2029,低碳情景,0.2526
合肥市,2025,低碳情景,0.4007
合肥市,2026,低碳情景,0.3587
合肥市,2027,低碳情景,0.3209
合肥市,2028,低碳情景,0.2867
合肥市,2029,低碳情景,0.2559
吉安市,2025,低碳情景,0.3709
吉安市,2026,低碳情景,0.3378
吉安市,2027,低碳情景,0.3074
吉安市,2028,低碳情景,0.2795
吉安市,2029,低碳情景,0.2538
吉林市,2025,低碳情景,1.6991
吉林市,2026,低碳情景,1.6971
吉林市,2027,低碳情景,1.6924
吉林市,2028,低碳情景,1.6849
吉林市,2029,低碳情景,1.6748
吐鲁番市,2025,低碳情景,1.0607
吐鲁番市,2026,低碳情景,0.9553
吐鲁番市,2027,低碳情景,0.8584
吐鲁番市,2028,低碳情景,0.7696
吐鲁番市,2029,低碳情景,0.6883
吕梁市,2025,低碳情景,1.2768
吕梁市,2026,低碳情景,1.1368
吕梁市,2027,低碳情景,1.011
吕梁市,2028,低碳情景,0.8981
吕梁市,2029,低碳情景,0.7968
吴忠市,2025,低碳情景,1.951
吴忠市,2026,低碳情景,1.7763
吴忠市,2027,低碳情景,1.6152
吴忠市,2028,低碳情景,1.4669
吴忠市,2029,低碳情景,1.3305
周口市,2025,低碳情景,0.3203
周口市,2026,低碳情景,0.2948
周口市,2027,低碳情景,0.271
周口市,2028,低碳情景,0.2489
周口市,2029,低碳情景,0.2283
呼伦贝尔市,2025,低碳情景,1.8086
呼伦贝尔市,2026,低碳情景,1.7412
呼伦贝尔市,2027,低碳情景,1.671
呼伦贝尔市,2028,低碳情景,1.5987
呼伦贝尔市,2029,低碳情景,1.5247
呼和浩特市,2025,低碳情景,0.937
呼和浩特市,2026,低碳情景,0.883
呼和浩特市,2027,低碳情景,0.8295
呼和浩特市,2028,低碳情景,0.7768
呼和浩特市,2029,低碳情景,0.7251
咸宁市,2025,低碳情景,0.413
咸宁市,2026,低碳情景,0.3732
咸宁市,2027,低碳情景,0.3365
咸宁市,2028,低碳情景,0.3029
咸宁市,2029,低碳情景,0.2721
咸阳市,2025,低碳情景,1.0098
咸阳市,2026,低碳情景,0.9382
咸阳市,2027,低碳情景,0.8707
咸阳市,2028,低碳情景,0.807
咸阳市,2029,低碳情景,0.7471
哈密市,2025,低碳情景,1.3695
哈密市,2026,低碳情景,1.2411
哈密市,2027,低碳情景,1.1213
哈密市,2028,低碳情景,1.0099
哈密市,2029,低碳情景,0.9067
哈尔滨市,2025,低碳情景,0.5484
哈尔滨市,2026,低碳情景,0.5322
哈尔滨市,2027,低碳情景,0.5162
哈尔滨市,2028,低碳情景,0.5004
哈尔滨市,2029,低碳情景,0.4849
唐山市,2025,低碳情景,1.7503
唐山市,2026,低碳情景,1.6077
唐山市,2027,低碳情景,1.4743
唐山市,2028,低碳情景,1.3497
唐山市,2029,低碳情景,1.2336
商丘市,2025,低碳情景,0.6573
商丘市,2026,低碳情景,0.5958
商丘市,2027,低碳情景,0.5386
商丘市,2028,低碳情景,0.4857
商丘市,2029,低碳情景,0.4368
商洛市,2025,低碳情景,0.3704
商洛市,2026,低碳情景,0.3463
商洛市,2027,低碳情景,0.3233
商洛市,2028,低碳情景,0.3016
商洛市,2029,低碳情景,0.281
嘉兴市,2025,低碳情景,0.2908
嘉兴市,2026,低碳情景,0.2601
嘉兴市,2027,低碳情景,0.2322
嘉兴市,2028,低碳情景,0.207
嘉兴市,2029,低碳情景,0.1842
嘉峪关市,2025,低碳情景,3.8266
嘉峪关市,2026,低碳情景,3.4644
嘉峪关市,2027,低碳情景,3.1326
嘉峪关市,2028,低碳情景,2.8291
嘉峪关市,2029,低碳情景,2.5519
四平市,2025,低碳情景,1.8935
四平市,2026,低碳情景,1.9071
四平市,2027,低碳情景,1.9148
四平市,2028,低碳情景,1.9166
四平市,2029,低碳情景,1.9124
固原市,2025,低碳情景,0.6078
固原市,2026,低碳情景,0.5484
固原市,2027,低碳情景,0.4932
固原市,2028,低碳情景,0.4422
固原市,2029,低碳情景,0.3953
大同市,2025,低碳情景,1.8331
大同市,2026,低碳情景,1.6808
大同市,2027,低碳情景,1.5386
大同市,2028,低碳情景,1.4061
大同市,2029,低碳情景,1.2828
大庆市,2025,低碳情景,0.7012
大庆市,2026,低碳情景,0.6852
大庆市,2027,低碳情景,0.6689
大庆市,2028,低碳情景,0.6523
大庆市,2029,低碳情景,0.6354
大连市,2025,低碳情景,0.3786
大连市,2026,低碳情景,0.3569
大连市,2027,低碳情景,0.3358
大连市,2028,低碳情景,0.3153
大连市,2029,低碳情景,0.2955
天水市,2025,低碳情景,0.5261
天水市,2026,低碳情景,0.4808
天水市,2027,低碳情景,0.4388
天水市,2028,低碳情景,0.3997
天水市,2029,低碳情景,0.3636
天津市,2025,低碳情景,0.4938
天津市,2026,低碳情景,0.4701
天津市,2027,低碳情景,0.4464
天津市,2028,低碳情景,0.423
天津市,2029,低碳情景,0.3998
太原市,2025,低碳情景,0.6447
太原市,2026,低碳情景,0.5814
太原市,2027,低碳情景,0.5232
太原市,2028,低碳情景,0.47
太原市,2029,低碳情景,0.4214
威海市,2025,低碳情景,0.3775
威海市,2026,低碳情景,0.3579
威海市,2027,低碳情景,0.339
威海市,2028,低碳情景,0.3209
威海市,2029,低碳情景,0.3034
娄底市,2025,低碳情景,1.1447
娄底市,2026,低碳情景,1.0589
娄底市,2027,低碳情景,0.9784
娄底市,2028,低碳情景,0.9028
娄底市,2029,低碳情景,0.832
孝感市,2025,低碳情景,0.5365
孝感市,2026,低碳情景,0.4831
孝感市,2027,低碳情景,0.4343
孝感市,2028,低碳情景,0.3899
孝感市,2029,低碳情景,0.3494
宁德市,2025,低碳情景,0.2818
宁德市,2026,低碳情景,0.2499
宁德市,2027,低碳情景,0.2212
宁德市,2028,低碳情景,0.1954
宁德市,2029,低碳情景,0.1724
宁波市,2025,低碳情景,0.3411
宁波市,2026,低碳情景,0.3048
宁波市,2027,低碳情景,0.2718
宁波市,2028,低碳情景,0.2421
宁波市,2029,低碳情景,0.2152
安庆市,2025,低碳情景,0.5549
安庆市,2026,低碳情景,0.5028
安庆市,2027,低碳情景,0.4549
安庆市,2028,低碳情景,0.4109
安庆市,2029,低碳情景,0.3706
安康市,2025,低碳情景,0.2001
安康市,2026,低碳情景,0.1841
安康市,2027,低碳情景,0.1691
安康市,2028,低碳情景,0.1552
安康市,2029,低碳情景,0.1423
安阳市,2025,低碳情景,1.1686
安阳市,2026,低碳情景,1.09
安阳市,2027,低碳情景,1.0149
安阳市,2028,低碳情景,0.9432
安阳市,2029,低碳情景,0.8751
安顺市,2025,低碳情景,0.8688
安顺市,2026,低碳情景,0.7849
安顺市,2027,低碳情景,0.7078
安顺市,2028,低碳情景,0.6373
安顺市,2029,低碳情景,0.5728
定西市,2025,低碳情景,0.4898
定西市,2026,低碳情景,0.4419
定西市,2027,低碳情景,0.3983
定西市,2028,低碳情景,0.3586
定西市,2029,低碳情景,0.3225
宜宾市,2025,低碳情景,0.573
宜宾市,2026,低碳情景,0.5129
宜宾市,2027,低碳情景,0.4586
宜宾市,2028,低碳情景,0.4096
宜宾市,2029,低碳情景,0.3654
宜昌市,2025,低碳情景,0.533
宜昌市,2026,低碳情景,0.482
宜昌市,2027,低碳情景,0.435
宜昌市,2028,低碳情景,0.392
宜昌市,2029,低碳情景,0.3525
宜春市,2025,低碳情景,0.867
宜春市,2026,低碳情景,0.772
宜春市,2027,低碳情景,0.6859
宜春市,2028,低碳情景,0.6079
宜春市,2029,低碳情景,0.5375
宝鸡市,2025,低碳情景,0.7706
宝鸡市,2026,低碳情景,0.719
宝鸡市,2027,低碳情景,0.6703
宝鸡市,2028,低碳情景,0.6246
宝鸡市,2029,低碳情景,0.5815
宣城市,2025,低碳情景,0.4713
宣城市,2026,低碳情景,0.4274
宣城市,2027,低碳情景,0.387
宣城市,2028,低碳情景,0.3498
宣城市,2029,低碳情景,0.3157
宿州市,2025,低碳情景,0.5358
宿州市,2026,低碳情景,0.4835
宿州市,2027,低碳情景,0.4354
宿州市,2028,低碳情景,0.3912
宿州市,2029,低碳情景,0.3507
宿迁市,2025,低碳情景,0.3844
宿迁市,2026,低碳情景,0.3463
宿迁市,2027,低碳情景,0.3116
宿迁市,2028,低碳情景,0.28
宿迁市,2029,低碳情景,0.2513
岳阳市,2025,低碳情景,0.385
岳阳市,2026,低碳情景,0.3521
岳阳市,2027,低碳情景,0.3216
岳阳市,2028,低碳情景,0.2935
岳阳市,2029,低碳情景,0.2675
崇左市,2025,低碳情景,0.5225
崇左市,2026,低碳情景,0.4808
崇左市,2027,低碳情景,0.4419
崇左市,2028,低碳情景,0.4058
崇左市,2029,低碳情景,0.3723
巴中市,2025,低碳情景,0.1853
巴中市,2026,低碳情景,0.1684
巴中市,2027,低碳情景,0.1527
巴中市,2028,低碳情景,0.1383
巴中市,2029,低碳情景,0.1249
巴彦淖尔市,2025,低碳情景,0.8241
巴彦淖尔市,2026,低碳情景,0.778
巴彦淖尔市,2027,低碳情景,0.7324
巴彦淖尔市,2028,低碳情景,0.6876
巴彦淖尔市,2029,低碳情景,0.6437
常州市,2025,低碳情景,0.4063
常州市,2026,低碳情景,0.3691
常州市,2027,低碳情景,0.3349
常州市,2028,低碳情景,0.3036
常州市,2029,低碳情景,0.2749
常德市,2025,低碳情景,0.4695
常德市,2026,低碳情景,0.434
常德市,2027,低碳情景,0.4007
常德市,2028,低碳情景,0.3695
常德市,2029,低碳情景,0.3404
平凉市,2025,低碳情景,2.3385
平凉市,2026,低碳情景,2.1337
平凉市,2027,低碳情景,1.9431
平凉市,2028,低碳情景,1.7661
平凉市,2029,低碳情景,1.6021
平顶山市,2025,低碳情景,1.383
平顶山市,2026,低碳情景,1.283
平顶山市,2027,低碳情景,1.189
平顶山市,2028,低碳情景,1.1007
平顶山市,2029,低碳情景,1.0178
广元市,2025,低碳情景,0.3049
广元市,2026,低碳情景,0.2714
广元市,2027,低碳情景,0.2408
广元市,2028,低碳情景,0.2131
广元市,2029,低碳情景,0.1879
广安市,2025,低碳情景,0.6801
广安市,2026,低碳情景,0.6246
广安市,2027,低碳情景,0.5725
广安市,2028,低碳情景,0.5236
广安市,2029,低碳情景,0.4779
广州市,2025,低碳情景,0.267
广州市,2026,低碳情景,0.2551
广州市,2027,低碳情景,0.2434
广州市,2028,低碳情景,0.232
广州市,2029,低碳情景,0.2208
庆阳市,2025,低碳情景,0.2221
庆阳市,2026,低碳情景,0.2011
庆阳市,2027,低碳情景,0.1816
庆阳市,2028,低碳情景,0.1637
庆阳市,2029,低碳情景,0.1473
廊坊市,2025,低碳情景,0.5227
廊坊市,2026,低碳情景,0.4802
廊坊市,2027,低碳情景,0.4402
廊坊市,2028,低碳情景,0.4027
廊坊市,2029,低碳情景,0.3677
延安市,2025,低碳情景,0.2445
延安市,2026,低碳情景,0.2214
延安市,2027,低碳情景,0.2002
延安市,2028,低碳情景,0.1808
延安市,2029,低碳情景,0.163
开封市,2025,低碳情景,0.486
开封市,2026,低碳情景,0.4515
开封市,2027,低碳情景,0.4194
开封市,2028,低碳情景,0.3894
开封市,2029,低碳情景,0.3615
张家口市,2025,低碳情景,1.6975
张家口市,2026,低碳情景,1.5761
张家口市,2027,低碳情景,1.461
张家口市,2028,低碳情景,1.352
张家口市,2029,低碳情景,1.249
张家界市,2025,低碳情景,0.3326
张家界市,2026,低碳情景,0.3088
张家界市,2027,低碳情景,0.286
张家界市,2028,低碳情景,0.2645
张家界市,2029,低碳情景,0.2441
张掖市,2025,低碳情景,0.8604
张掖市,2026,低碳情景,0.7887
张掖市,2027,低碳情景,0.7223
张掖市,2028,低碳情景,0.6608
张掖市,2029,低碳情景,0.6039
徐州市,2025,低碳情景,1.0214
徐州市,2026,低碳情景,0.9324
徐州市,2027,低碳情景,0.8496
徐州市,2028,低碳情景,0.7729
徐州市,2029,低碳情景,0.7019
德州市,2025,低碳情景,0.6517
德州市,2026,低碳情景,0.6075
德州市,2027,低碳情景,0.5654
德州市,2028,低碳情景,0.5255
德州市,2029,低碳情景,0.4876
德阳市,2025,低碳情景,0.1668
德阳市,2026,低碳情景,0.1512
德阳市,2027,低碳情景,0.1367
德阳市,2028,低碳情景,0.1234
德阳市,2029,低碳情景,0.1112
忻州市,2025,低碳情景,1.4804
忻州市,2026,低碳情景,1.3528
忻州市,2027,低碳情景,1.2339
忻州市,2028,低碳情景,1.1234
忻州市,2029,低碳情景,1.0208
怀化市,2025,低碳情景,0.3554
怀化市,2026,低碳情景,0.3286
怀化市,2027,低碳情景,0.3032
怀化市,2028,低碳情景,0.2791
怀化市,2029,低碳情景,0.2563
惠州市,2025,低碳情景,0.1839
惠州市,2026,低碳情景,0.166
惠州市,2027,低碳情景,0.1496
惠州市,2028,低碳情景,0.1345
惠州市,2029,低碳情景,0.1206
成都市,2025,低碳情景,0.1601
成都市,2026,低碳情景,0.1475
成都市,2027,低碳情景,0.1357
成都市,2028,低碳情景,0.1247
成都市,2029,低碳情景,0.1145
扬州市,2025,低碳情景,0.2721
扬州市,2026,低碳情景,0.2457
扬州市,2027,低碳情景,0.2214
扬州市,2028,低碳情景,0.199
扬州市,2029,低碳情景,0.1785
承德市,2025,低碳情景,0.9924
承德市,2026,低碳情景,0.919
承德市,2027,低碳情景,0.8495
承德市,2028,低碳情景,0.7838
承德市,2029,低碳情景,0.722
抚州市,2025,低碳情景,0.2234
抚州市,2026,低碳情景,0.2028
抚州市,2027,低碳情景,0.1839
抚州市,2028,低碳情景,0.1664
抚州市,2029,低碳情景,0.1502
抚顺市,2025,低碳情景,2.1772
抚顺市,2026,低碳情景,2.1455
抚顺市,2027,低碳情景,2.1129
抚顺市,2028,低碳情景,2.0795
抚顺市,2029,低碳情景,2.0453
揭阳市,2025,低碳情景,0.2804
揭阳市,2026,低碳情景,0.2589
揭阳市,2027,低碳情景,0.2386
揭阳市,2028,低碳情景,0.2195
揭阳市,2029,低碳情景,0.2014
攀枝花市,2025,低碳情景,1.2804
攀枝花市,2026,低碳情景,1.1934
攀枝花市,2027,低碳情景,1.111
攀枝花市,2028,低碳情景,1.033
攀枝花市,2029,低碳情景,0.9593
新乡市,2025,低碳情景,0.7752
新乡市,2026,低碳情景,0.7045
新乡市,2027,低碳情景,0.6387
新乡市,2028,低碳情景,0.5777
新乡市,2029,低碳情景,0.5212
新余市,2025,低碳情景,1.5218
新余市,2026,低碳情景,1.4426
新余市,2027,低碳情景,1.366
新余市,2028,低碳情景,1.2921
新余市,2029,低碳情景,1.2209
无锡市,2025,低碳情景,0.2416
无锡市,2026,低碳情景,0.2215
无锡市,2027,低碳情景,0.203
无锡市,2028,低碳情景,0.1859
无锡市,2029,低碳情景,0.1702
日照市,2025,低碳情景,1.9687
日照市,2026,低碳情景,1.8186
日照市,2027,低碳情景,1.676
日照市,2028,低碳情景,1.5409
日照市,2029,低碳情景,1.4134
昆明市,2025,低碳情景,0.2565
昆明市,2026,低碳情景,0.2288
昆明市,2027,低碳情景,0.2035
昆明市,2028,低碳情景,0.1804
昆明市,2029,低碳情景,0.1595
昭通市,2025,低碳情景,0.3561
昭通市,2026,低碳情景,0.3127
昭通市,2027,低碳情景,0.2736
昭通市,2028,低碳情景,0.2387
昭通市,2029,低碳情景,0.2076
晋中市,2025,低碳情景,1.0039
晋中市,2026,低碳情景,0.8975
晋中市,2027,低碳情景,0.8006
晋中市,2028,低碳情景,0.7126
晋中市,2029,低碳情景,0.6328
晋城市,2025,低碳情景,1.2767
晋城市,2026,低碳情景,1.1643
晋城市,2027,低碳情景,1.0617
晋城市,2028,低碳情景,0.968
晋城市,2029,低碳情景,0.8825
普洱市,2025,低碳情景,0.4524
普洱市,2026,低碳情景,0.4095
普洱市,2027,低碳情景,0.3706
普洱市,2028,低碳情景,0.3353
普洱市,2029,低碳情景,0.3033
景德镇市,2025,低碳情景,0.3355
景德镇市,2026,低碳情景,0.3108
景德镇市,2027,低碳情景,0.2874
景德镇市,2028,低碳情景,0.2653
景德镇市,2029,低碳情景,0.2444
曲靖市,2025,低碳情景,0.8934
曲靖市,2026,低碳情景,0.801
曲靖市,2027,低碳情景,0.716
曲靖市,2028,低碳情景,0.6379
曲靖市,2029,低碳情景,0.5667
朔州市,2025,低碳情景,2.2628
朔州市,2026,低碳情景,2.1206
朔州市,2027,低碳情景,1.9851
朔州市,2028,低碳情景,1.8561
朔州市,2029,低碳情景,1.7335
朝阳市,2025,低碳情景,1.4289
朝阳市,2026,低碳情景,1.3449
朝阳市,2027,低碳情景,1.263
朝阳市,2028,低碳情景,1.1834
朝阳市,2029,低碳情景,1.1064
本溪市,2025,低碳情景,1.6475
本溪市,2026,低碳情景,1.5996
本溪市,2027,低碳情景,1.5505
本溪市,2028,低碳情景,1.5003
本溪市,2029,低碳情景,1.4493
来宾市,2025,低碳情景,1.5889
来宾市,2026,低碳情景,1.4602
来宾市,2027,低碳情景,1.3395
来宾市,2028,低碳情景,1.2267
来宾市,2029,低碳情景,1.1214
杭州市,2025,低碳情景,0.22
杭州市,2026,低碳情景,0.1991
杭州市,2027,低碳情景,0.18
杭州市,2028,低碳情景,0.1624
杭州市,2029,低碳情景,0.1464
松原市,2025,低碳情景,0.7341
松原市,2026,低碳情景,0.7264
松原市,2027,低碳情景,0.7167
松原市,2028,低碳情景,0.705
松原市,2029,低碳情景,0.6916
枣庄市,2025,低碳情景,1.6694
枣庄市,2026,低碳情景,1.5886
枣庄市,2027,低碳情景,1.5103
枣庄市,2028,低碳情景,1.4347
枣庄市,2029,低碳情景,1.3617
柳州市,2025,低碳情景,0.7204
柳州市,2026,低碳情景,0.6712
柳州市,2027,低碳情景,0.6241
柳州市,2028,低碳情景,0.5791
柳州市,2029,低碳情景,0.5363
株洲市,2025,低碳情景,0.4388
株洲市,2026,低碳情景,0.3999
株洲市,2027,低碳情景,0.3635
株洲市,2028,低碳情景,0.3295
株洲市,2029,低碳情景,0.2979
桂林市,2025,低碳情景,0.3428
桂林市,2026,低碳情景,0.3201
桂林市,2027,低碳情景,0.2983
桂林市,2028,低碳情景,0.2774
桂林市,2029,低碳情景,0.2575
梅州市,2025,低碳情景,0.757
梅州市,2026,低碳情景,0.7005
梅州市,2027,低碳情景,0.6474
梅州市,2028,低碳情景,0.5974
梅州市,2029,低碳情景,0.5506
梧州市,2025,低碳情景,0.2664
梧州市,2026,低碳情景,0.2483
梧州市,2027,低碳情景,0.2312
梧州市,2028,低碳情景,0.215
梧州市,2029,低碳情景,0.1999
榆林市,2025,低碳情景,0.7551
榆林市,2026,低碳情景,0.6737
榆林市,2027,低碳情景,0.6006
榆林市,2028,低碳情景,0.535
榆林市,2029,低碳情景,0.4762
武威市,2025,低碳情景,0.4293
武威市,2026,低碳情景,0.3975
武威市,2027,低碳情景,0.3679
武威市,2028,低碳情景,0.3404
武威市,2029,低碳情景,0.3147
武汉市,2025,低碳情景,0.361
武汉市,2026,低碳情景,0.3296
武汉市,2027,低碳情景,0.3003
武汉市,2028,低碳情景,0.2731
武汉市,2029,低碳情景,0.2479
毕节市,2025,低碳情景,1.2515
毕节市,2026,低碳情景,1.1571
毕节市,2027,低碳情景,1.0685
毕节市,2028,低碳情景,0.9856
毕节市,2029,低碳情景,0.908
永州市,2025,低碳情景,0.203
永州市,2026,低碳情景,0.1859
永州市,2027,低碳情景,0.1701
永州市,2028,低碳情景,0.1553
永州市,2029,低碳情景,0.1417
汉中市,2025,低碳情景,0.8843
汉中市,2026,低碳情景,0.8127
汉中市,2027,低碳情景,0.7458
汉中市,2028,低碳情景,0.6836
汉中市,2029,低碳情景,0.6256
汕头市,2025,低碳情景,0.5592
汕头市,2026,低碳情景,0.5132
汕头市,2027,低碳情景,0.4705
汕头市,2028,低碳情景,0.4307
汕头市,2029,低碳情景,0.3939
汕尾市,2025,低碳情景,0.4121
汕尾市,2026,低碳情景,0.3755
汕尾市,2027,低碳情景,0.342
汕尾市,2028,低碳情景,0.3115
汕尾市,2029,低碳情景,0.2835
江门市,2025,低碳情景,0.4291
江门市,2026,低碳情景,0.3914
江门市,2027,低碳情景,0.3564
江门市,2028,低碳情景,0.3242
江门市,2029,低碳情景,0.2944
池州市,2025,低碳情景,1.0464
池州市,2026,低碳情景,0.9481
池州市,2027,低碳情景,0.8576
池州市,2028,低碳情景,0.7744
池州市,2029,低碳情景,0.6982
沈阳市,2025,低碳情景,0.3055
沈阳市,2026,低碳情景,0.2864
沈阳市,2027,低碳情景,0.2681
沈阳市,2028,低碳情景,0.2504
沈阳市,2029,低碳情景,0.2335
沧州市,2025,低碳情景,0.5083
沧州市,2026,低碳情景,0.4748
沧州市,2027,低碳情景,0.4432
沧州市,2028,低碳情景,0.4133
沧州市,2029,低碳情景,0.3852
河池市,2025,低碳情景,0.3222
河池市,2026,低碳情景,0.2888
河池市,2027,低碳情景,0.2584
河池市,2028,低碳情景,0.2306
河池市,2029,低碳情景,0.2053
河源市,2025,低碳情景,0.4379
河源市,2026,低碳情景,0.4068
河源市,2027,低碳情景,0.3779
河源市,2028,低碳情景,0.3509
河源市,2029,低碳情景,0.3257
泉州市,2025,低碳情景,0.1121
泉州市,2026,低碳情景,0.1003
泉州市,2027,低碳情景,0.0897
泉州市,2028,低碳情景,0.08
泉州市,2029,低碳情景,0.0712
泰安市,2025,低碳情景,1.4347
泰安市,2026,低碳情景,1.3846
泰安市,2027,低碳情景,1.3356
泰安市,2028,低碳情景,1.2876
泰安市,2029,低碳情景,1.2406
泰州市,2025,低碳情景,0.4109
泰州市,2026,低碳情景,0.3765
泰州市,2027,低碳情景,0.3449
泰州市,2028,低碳情景,0.3157
泰州市,2029,低碳情景,0.2887
泸州市,2025,低碳情景,0.3433
泸州市,2026,低碳情景,0.3126
泸州市,2027,低碳情景,0.2842
泸州市,2028,低碳情景,0.258
泸州市,2029,低碳情景,0.2339
洛阳市,2025,低碳情景,0.6923
洛阳市,2026,低碳情景,0.6337
洛阳市,2027,低碳情景,0.579
洛阳市,2028,低碳情景,0.5278
洛阳市,2029,低碳情景,0.4802
济南市,2025,低碳情景,0.5114
济南市,2026,低碳情景,0.4543
济南市,2027,低碳情景,0.4027
济南市,2028,低碳情景,0.3561
济南市,2029,低碳情景,0.3141
济宁市,2025,低碳情景,1.2082
济宁市,2026,低碳情景,1.1166
济宁市,2027,低碳情景,1.0299
济宁市,2028,低碳情景,0.9481
济宁市,2029,低碳情景,0.871
海东市,2025,低碳情景,0.5053
海东市,2026,低碳情景,0.4649
海东市,2027,低碳情景,0.4266
海东市,2028,低碳情景,0.3904
海东市,2029,低碳情景,0.3563
海口市,2025,低碳情景,0.0992
海口市,2026,低碳情景,0.0893
海口市,2027,低碳情景,0.0803
海口市,2028,低碳情景,0.0722
海口市,2029,低碳情景,0.0648
淄博市,2025,低碳情景,1.0368
淄博市,2026,低碳情景,0.9778
淄博市,2027,低碳情景,0.9206
淄博市,2028,低碳情景,0.8652
淄博市,2029,低碳情景,0.8117
淮北市,2025,低碳情景,1.188
淮北市,2026,低碳情景,1.0757
淮北市,2027,低碳情景,0.9717
淮北市,2028,低碳情景,0.8755
淮北市,2029,低碳情景,0.7869
淮南市,2025,低碳情景,2.7812
淮南市,2026,低碳情景,2.5404
淮南市,2027,低碳情景,2.3177
淮南市,2028,低碳情景,2.1121
淮南市,2029,低碳情景,1.9225
淮安市,2025,低碳情景,0.4199
淮安市,2026,低碳情景,0.3831
淮安市,2027,低碳情景,0.349
淮安市,2028,低碳情景,0.3176
淮安市,2029,低碳情景,0.2887
深圳市,2025,低碳情景,0.1238
深圳市,2026,低碳情景,0.1186
深圳市,2027,低碳情景,0.1135
深圳市,2028,低碳情景,0.1086
深圳市,2029,低碳情景,0.1037
清远市,2025,低碳情景,1.2298
清远市,2026,低碳情景,1.1242
清远市,2027,低碳情景,1.026
清远市,2028,低碳情景,0.9347
清远市,2029,低碳情景,0.8502
温州市,2025,低碳情景,0.2369
温州市,2026,低碳情景,0.2131
温州市,2027,低碳情景,0.1915
温州市,2028,低碳情景,0.1719
温州市,2029,低碳情景,0.1541
渭南市,2025,低碳情景,1.7848
渭南市,2026,低碳情景,1.629
渭南市,2027,低碳情景,1.4842
渭南市,2028,低碳情景,1.3498
渭南市,2029,低碳情景,1.2254
湖州市,2025,低碳情景,0.289
湖州市,2026,低碳情景,0.2592
湖州市,2027,低碳情景,0.232
湖州市,2028,低碳情景,0.2071
湖州市,2029,低碳情景,0.1845
湘潭市,2025,低碳情景,0.8901
湘潭市,2026,低碳情景,0.8133
湘潭市,2027,低碳情景,0.7418
湘潭市,2028,低碳情景,0.6754
湘潭市,2029,低碳情景,0.6139
湛江市,2025,低碳情景,0.6872
湛江市,2026,低碳情景,0.6333
湛江市,2027,低碳情景,0.5827
湛江市,2028,低碳情景,0.5352
湛江市,2029,低碳情景,0.4909
滁州市,2025,低碳情景,0.3065
滁州市,2026,低碳情景,0.27
滁州市,2027,低碳情景,0.2375
滁州市,2028,低碳情景,0.2086
滁州市,2029,低碳情景,0.183
滨州市,2025,低碳情景,1.6469
滨州市,2026,低碳情景,1.5312
滨州市,2027,低碳情景,1.4214
滨州市,2028,低碳情景,1.3173
滨州市,2029,低碳情景,1.2188
漯河市,2025,低碳情景,0.3357
漯河市,2026,低碳情景,0.2998
漯河市,2027,低碳情景,0.2669
漯河市,2028,低碳情景,0.2368
漯河市,2029,低碳情景,0.2095
漳州市,2025,低碳情景,0.4976
漳州市,2026,低碳情景,0.4479
漳州市,2027,低碳情景,0.4028
漳州市,2028,低碳情景,0.3619
漳州市,2029,低碳情景,0.3248
潍坊市,2025,低碳情景,1.1837
潍坊市,2026,低碳情景,1.1057
潍坊市,2027,低碳情景,1.032
潍坊市,2028,低碳情景,0.9626
潍坊市,2029,低碳情景,0.8973
潮州市,2025,低碳情景,0.4962
潮州市,2026,低碳情景,0.4571
潮州市,2027,低碳情景,0.4204
潮州市,2028,低碳情景,0.3859
潮州市,2029,低碳情景,0.3537
濮阳市,2025,低碳情景,0.4877
濮阳市,2026,低碳情景,0.4563
濮阳市,2027,低碳情景,0.4265
濮阳市,2028,低碳情景,0.3983
濮阳市,2029,低碳情景,0.3716
烟台市,2025,低碳情景,0.429
烟台市,2026,低碳情景,0.3932
烟台市,2027,低碳情景,0.3597
烟台市,2028,低碳情景,0.3284
烟台市,2029,低碳情景,0.2993
焦作市,2025,低碳情景,1.1431
焦作市,2026,低碳情景,1.0706
焦作市,2027,低碳情景,1.0009
焦作市,2028,低碳情景,0.934
焦作市,2029,低碳情景,0.8701
牡丹江市,2025,低碳情景,1.0415
牡丹江市,2026,低碳情景,1.0292
牡丹江市,2027,低碳情景,1.0156
牡丹江市,2028,低碳情景,1.0007
牡丹江市,2029,低碳情景,0.9846
玉林市,2025,低碳情景,0.1606
玉林市,2026,低碳情景,0.1461
玉林市,2027,低碳情景,0.1327
玉林市,2028,低碳情景,0.1203
玉林市,2029,低碳情景,0.1089
玉溪市,2025,低碳情景,0.4256
玉溪市,2026,低碳情景,0.3913
玉溪市,2027,低碳情景,0.3595
玉溪市,2028,低碳情景,0.3299
玉溪市,2029,低碳情景,0.3025
珠海市,2025,低碳情景,0.3456
珠海市,2026,低碳情景,0.3081
珠海市,2027,低碳情景,0.2742
珠海市,2028,低碳情景,0.2435
珠海市,2029,低碳情景,0.2158
白城市,2025,低碳情景,0.8402
白城市,2026,低碳情景,0.8045
白城市,2027,低碳情景,0.7689
白城市,2028,低碳情景,0.7336
白城市,2029,低碳情景,0.6986
白山市,2025,低碳情景,1.1443
白山市,2026,低碳情景,1.1064
白山市,2027,低碳情景,1.0676
白山市,2028,低碳情景,1.0282
白山市,2029,低碳情景,0.9883
白银市,2025,低碳情景,3.9399
白银市,2026,低碳情景,3.6531
白银市,2027,低碳情景,3.3835
白银市,2028,低碳情景,3.1304
白银市,2029,低碳情景,2.8931
百色市,2025,低碳情景,0.5914
百色市,2026,低碳情景,0.5337
百色市,2027,低碳情景,0.4807
百色市,2028,低碳情景,0.4321
百色市,2029,低碳情景,0.3877
益阳市,2025,低碳情景,0.5334
益阳市,2026,低碳情景,0.493
益阳市,2027,低碳情景,0.4548
益阳市,2028,低碳情景,0.4186
益阳市,2029,低碳情景,0.3846
盐城市,2025,低碳情景,0.304
盐城市,2026,低碳情景,0.2758
盐城市,2027,低碳情景,0.2497
盐城市,2028,低碳情景,0.2254
盐城市,2029,低碳情景,0.203
盘锦市,2025,低碳情景,0.4367
盘锦市,2026,低碳情景,0.4165
盘锦市,2027,低碳情景,0.3966
盘锦市,2028,低碳情景,0.377
盘锦市,2029,低碳情景,0.3577
眉山市,2025,低碳情景,0.287
眉山市,2026,低碳情景,0.2635
眉山市,2027,低碳情景,0.2414
眉山市,2028,低碳情景,0.2207
眉山市,2029,低碳情景,0.2013
石嘴山市,2025,低碳情景,2.7795
石嘴山市,2026,低碳情景,2.678
石嘴山市,2027,低碳情景,2.5763
石嘴山市,2028,低碳情景,2.4748
石嘴山市,2029,低碳情景,2.3737
石家庄市,2025,低碳情景,0.6875
石家庄市,2026,低碳情景,0.6312
石家庄市,2027,低碳情景,0.5788
石家庄市,2028,低碳情景,0.5302
石家庄市,2029,低碳情景,0.4852
福州市,2025,低碳情景,0.2668
福州市,2026,低碳情景,0.2363
福州市,2027,低碳情景,0.2089
福州市,2028,低碳情景,0.1845
福州市,2029,低碳情景,0.1627
秦皇岛市,2025,低碳情景,0.7762
秦皇岛市,2026,低碳情景,0.711
秦皇岛市,2027,低碳情景,0.6501
秦皇岛市,2028,低碳情景,0.5934
秦皇岛市,2029,低碳情景,0.5407
绍兴市,2025,低碳情景,0.1416
绍兴市,2026,低碳情景,0.1285
绍兴市,2027,低碳情景,0.1164
绍兴市,2028,低碳情景,0.1052
绍兴市,2029,低碳情景,0.095
绥化市,2025,低碳情景,0.6742
绥化市,2026,低碳情景,0.6507
绥化市,2027,低碳情景,0.6272
绥化市,2028,低碳情景,0.6038
绥化市,2029,低碳情景,0.5804
绵阳市,2025,低碳情景,0.5075
绵阳市,2026,低碳情景,0.4481
绵阳市,2027,低碳情景,0.3946
绵阳市,2028,低碳情景,0.3466
绵阳市,2029,低碳情景,0.3036
聊城市,2025,低碳情景,1.8125
聊城市,2026,低碳情景,1.7233
聊城市,2027,低碳情景,1.6352
聊城市,2028,低碳情景,1.5485
聊城市,2029,低碳情景,1.4635
肇庆市,2025,低碳情景,0.4472
肇庆市,2026,低碳情景,0.414
肇庆市,2027,低碳情景,0.3826
肇庆市,2028,低碳情景,0.3531
肇庆市,2029,低碳情景,0.3253
自贡市,2025,低碳情景,0.1306
自贡市,2026,低碳情景,0.1184
自贡市,2027,低碳情景,0.1071
自贡市,2028,低碳情景,0.0967
自贡市,2029,低碳情景,0.0871
舟山市,2025,低碳情景,0.4415
舟山市,2026,低碳情景,0.4034
舟山市,2027,低碳情景,0.3681
舟山市,2028,低碳情景,0.3354
舟山市,2029,低碳情景,0.3051
芜湖市,2025,低碳情景,0.4118
芜湖市,2026,低碳情景,0.3684
芜湖市,2027,低碳情景,0.3287
芜湖市,2028,低碳情景,0.2926
芜湖市,2029,低碳情景,0.2597
苏州市,2025,低碳情景,0.6298
苏州市,2026,低碳情景,0.5943
苏州市,2027,低碳情景,0.5598
苏州市,2028,低碳情景,0.5263
苏州市,2029,低碳情景,0.4939
茂名市,2025,低碳情景,0.2843
茂名市,2026,低碳情景,0.2621
茂名市,2027,低碳情景,0.2415
茂名市,2028,低碳情景,0.2224
茂名市,2029,低碳情景,0.2047
荆州市,2025,低碳情景,0.4758
荆州市,2026,低碳情景,0.426
荆州市,2027,低碳情景,0.3806
荆州市,2028,低碳情景,0.3394
荆州市,2029,低碳情景,0.3019
荆门市,2025,低碳情景,0.6371
荆门市,2026,低碳情景,0.5801
荆门市,2027,低碳情景,0.5271
荆门市,2028,低碳情景,0.4779
荆门市,2029,低碳情景,0.4323
莆田市,2025,低碳情景,0.2291
莆田市,2026,低碳情景,0.2052
莆田市,2027,低碳情景,0.1835
莆田市,2028,低碳情景,0.1638
莆田市,2029,低碳情景,0.146
菏泽市,2025,低碳情景,0.4748
菏泽市,2026,低碳情景,0.4305
菏泽市,2027,低碳情景,0.3898
菏泽市,2028,低碳情景,0.3525
菏泽市,2029,低碳情景,0.3184
萍乡市,2025,低碳情景,1.4167
萍乡市,2026,低碳情景,1.3283
萍乡市,2027,低碳情景,1.2434
萍乡市,2028,低碳情景,1.1618
萍乡市,2029,低碳情景,1.0837
营口市,2025,低碳情景,1.3314
营口市,2026,低碳情景,1.2567
营口市,2027,低碳情景,1.183
营口市,2028,低碳情景,1.1106
营口市,2029,低碳情景,1.0398
葫芦岛市,2025,低碳情景,1.3718
葫芦岛市,2026,低碳情景,1.2821
葫芦岛市,2027,低碳情景,1.1963
葫芦岛市,2028,低碳情景,1.1145
葫芦岛市,2029,低碳情景,1.0365
蚌埠市,2025,低碳情景,0.2471
蚌埠市,2026,低碳情景,0.2223
蚌埠市,2027,低碳情景,0.1994
蚌埠市,2028,低碳情景,0.1784
蚌埠市,2029,低碳情景,0.1591
衡水市,2025,低碳情景,1.2001
衡水市,2026,低碳情景,1.098
衡水市,2027,低碳情景,1.0027
衡水市,2028,低碳情景,0.9138
衡水市,2029,低碳情景,0.8313
衡阳市,2025,低碳情景,0.2614
衡阳市,2026,低碳情景,0.2376
衡阳市,2027,低碳情景,0.2154
衡阳市,2028,低碳情景,0.1949
衡阳市,2029,低碳情景,0.1759
衢州市,2025,低碳情景,0.8617
衢州市,2026,低碳情景,0.7828
衢州市,2027,低碳情景,0.7101
衢州市,2028,低碳情景,0.6433
衢州市,2029,低碳情景,0.582
襄阳市,2025,低碳情景,0.6118
襄阳市,2026,低碳情景,0.5588
襄阳市,2027,低碳情景,0.5095
襄阳市,2028,低碳情景,0.4639
襄阳市,2029,低碳情景,0.4216
西宁市,2025,低碳情景,0.7168
西宁市,2026,低碳情景,0.6666
西宁市,2027,低碳情景,0.6179
西宁市,2028,低碳情景,0.571
西宁市,2029,低碳情景,0.526
西安市,2025,低碳情景,0.1904
西安市,2026,低碳情景,0.1686
西安市,2027,低碳情景,0.149
西安市,2028,低碳情景,0.1314
西安市,2029,低碳情景,0.1157
许昌市,2025,低碳情景,0.4635
许昌市,2026,低碳情景,0.4224
许昌市,2027,低碳情景,0.3839
许昌市,2028,低碳情景,0.3478
许昌市,2029,低碳情景,0.3142
贵港市,2025,低碳情景,3.5609
贵港市,2026,低碳情景,3.3007
贵港市,2027,低碳情景,3.0578
贵港市,2028,低碳情景,2.8312
贵港市,2029,低碳情景,2.6199
贵阳市,2025,低碳情景,0.2358
贵阳市,2026,低碳情景,0.2103
贵阳市,2027,低碳情景,0.1871
贵阳市,2028,低碳情景,0.1661
贵阳市,2029,低碳情景,0.147
贺州市,2025,低碳情景,0.8447
贺州市,2026,低碳情景,0.768
贺州市,2027,低碳情景,0.6972
贺州市,2028,低碳情景,0.6318
贺州市,2029,低碳情景,0.5716
资阳市,2025,低碳情景,0.1709
资阳市,2026,低碳情景,0.1692
资阳市,2027,低碳情景,0.1673
资阳市,2028,低碳情景,0.1654
资阳市,2029,低碳情景,0.1633
赣州市,2025,低碳情景,0.2339
赣州市,2026,低碳情景,0.2072
赣州市,2027,低碳情景,0.183
赣州市,2028,低碳情景,0.1612
赣州市,2029,低碳情景,0.1416
赤峰市,2025,低碳情景,1.0033
赤峰市,2026,低碳情景,0.9527
赤峰市,2027,低碳情景,0.9042
赤峰市,2028,低碳情景,0.8577
赤峰市,2029,低碳情景,0.8131
辽源市,2025,低碳情景,1.0012
辽源市,2026,低碳情景,0.9807
辽源市,2027,低碳情景,0.9585
辽源市,2028,低碳情景,0.9347
辽源市,2029,低碳情景,0.9094
辽阳市,2025,低碳情景,2.4669
辽阳市,2026,低碳情景,2.3663
辽阳市,2027,低碳情景,2.2656
辽阳市,2028,低碳情景,2.1651
辽阳市,2029,低碳情景,2.0654
达州市,2025,低碳情景,0.4458
达州市,2026,低碳情景,0.3995
达州市,2027,低碳情景,0.357
达州市,2028,低碳情景,0.3181
达州市,2029,低碳情景,0.2827
运城市,2025,低碳情景,2.0364
运城市,2026,低碳情景,1.9006
运城市,2027,低碳情景,1.7728
运城市,2028,低碳情景,1.6527
运城市,2029,低碳情景,1.5397
连云港市,2025,低碳情景,0.6855
连云港市,2026,低碳情景,0.622
连云港市,2027,低碳情景,0.5639
连云港市,2028,低碳情景,0.5108
连云港市,2029,低碳情景,0.4624
通化市,2025,低碳情景,1.4605
通化市,2026,低碳情景,1.4707
通化市,2027,低碳情景,1.4786
通化市,2028,低碳情景,1.4841
通化市,2029,低碳情景,1.4871
通辽市,2025,低碳情景,1.6212
通辽市,2026,低碳情景,1.606
通辽市,2027,低碳情景,1.5889
通辽市,2028,低碳情景,1.5699
通辽市,2029,低碳情景,1.5491
遂宁市,2025,低碳情景,0.1433
遂宁市,2026,低碳情景,0.1297
遂宁市,2027,低碳情景,0.1172
遂宁市,2028,低碳情景,0.1058
遂宁市,2029,低碳情景,0.0952
遵义市,2025,低碳情景,0.3951
遵义市,2026,低碳情景,0.3547
遵义市,2027,低碳情景,0.318
遵义市,2028,低碳情景,0.2847
遵义市,2029,低碳情景,0.2546
邢台市,2025,低碳情景,1.1731
邢台市,2026,低碳情景,1.0775
邢台市,2027,低碳情景,0.9876
邢台市,2028,低碳情景,0.9033
邢台市,2029,低碳情景,0.8244
邯郸市,2025,低碳情景,1.7724
邯郸市,2026,低碳情景,1.6451
邯郸市,2027,低碳情景,1.525
邯郸市,2028,低碳情景,1.4119
邯郸市,2029,低碳情景,1.3056
邵阳市,2025,低碳情景,0.3924
邵阳市,2026,低碳情景,0.3545
邵阳市,2027,低碳情景,0.3194
邵阳市,2028,低碳情景,0.2872
邵阳市,2029,低碳情景,0.2575
郑州市,2025,低碳情景,0.4251
郑州市,2026,低碳情景,0.3841
郑州市,2027,低碳情景,0.3466
郑州市,2028,低碳情景,0.3125
郑州市,2029,低碳情景,0.2814
郴州市,2025,低碳情景,0.578
郴州市,2026,低碳情景,0.5322
郴州市,2027,低碳情景,0.4891
郴州市,2028,低碳情景,0.4488
郴州市,2029,低碳情景,0.411
鄂尔多斯市,2025,低碳情景,1.3022
鄂尔多斯市,2026,低碳情景,1.2192
鄂尔多斯市,2027,低碳情景,1.1379
鄂尔多斯市,2028,低碳情景,1.0587
鄂尔多斯市,2029,低碳情景,0.982
鄂州市,2025,低碳情景,1.5584
鄂州市,2026,低碳情景,1.4025
鄂州市,2027,低碳情景,1.2592
鄂州市,2028,低碳情景,1.1281
鄂州市,2029,低碳情景,1.0082
酒泉市,2025,低碳情景,1.0781
酒泉市,2026,低碳情景,0.9913
酒泉市,2027,低碳情景,0.91
酒泉市,2028,低碳情景,0.8338
酒泉市,2029,低碳情景,0.7626
重庆市,2025,低碳情景,0.5613
重庆市,2026,低碳情景,0.5366
重庆市,2027,低碳情景,0.5123
重庆市,2028,低碳情景,0.4884
重庆市,2029,低碳情景,0.465
金华市,2025,低碳情景,0.4329
金华市,2026,低碳情景,0.3905
金华市,2027,低碳情景,0.3516
金华市,2028,低碳情景,0.316
金华市,2029,低碳情景,0.2836
金昌市,2025,低碳情景,1.4826
金昌市,2026,低碳情景,1.3306
金昌市,2027,低碳情景,1.1933
金昌市,2028,低碳情景,1.0694
金昌市,2029,低碳情景,0.9577
钦州市,2025,低碳情景,0.4432
钦州市,2026,低碳情景,0.4011
钦州市,2027,低碳情景,0.3624
钦州市,2028,低碳情景,0.3269
钦州市,2029,低碳情景,0.2943
铁岭市,2025,低碳情景,2.8708
铁岭市,2026,低碳情景,2.7686
铁岭市,2027,低碳情景,2.6668
铁岭市,2028,低碳情景,2.5657
铁岭市,2029,低碳情景,2.4654
铜仁市,2025,低碳情景,0.1505
铜仁市,2026,低碳情景,0.1351
铜仁市,2027,低碳情景,0.121
铜仁市,2028,低碳情景,0.1082
铜仁市,2029,低碳情景,0.0966
铜川市,2025,低碳情景,1.304
铜川市,2026,低碳情景,1.1873
铜川市,2027,低碳情景,1.0789
铜川市,2028,低碳情景,0.9787
铜川市,2029,低碳情景,0.8861
铜陵市,2025,低碳情景,1.629
铜陵市,2026,低碳情景,1.5118
铜陵市,2027,低碳情景,1.3993
铜陵市,2028,低碳情景,1.2916
铜陵市,2029,低碳情景,1.189
银川市,2025,低碳情景,1.1473
银川市,2026,低碳情景,1.0415
银川市,2027,低碳情景,0.9425
银川市,2028,低碳情景,0.8503
银川市,2029,低碳情景,0.7647
锦州市,2025,低碳情景,0.9826
锦州市,2026,低碳情景,0.9372
锦州市,2027,低碳情景,0.8923
锦州市,2028,低碳情景,0.8482
锦州市,2029,低碳情景,0.8049
镇江市,2025,低碳情景,0.9172
镇江市,2026,低碳情景,0.8481
镇江市,2027,低碳情景,0.7833
镇江市,2028,低碳情景,0.7226
镇江市,2029,低碳情景,0.6657
长春市,2025,低碳情景,0.3388
长春市,2026,低碳情景,0.312
长春市,2027,低碳情景,0.2865
长春市,2028,低碳情景,0.2623
长春市,2029,低碳情景,0.2395
长沙市,2025,低碳情景,0.1045
长沙市,2026,低碳情景,0.0954
长沙市,2027,低碳情景,0.0869
长沙市,2028,低碳情景,0.0791
长沙市,2029,低碳情景,0.072
长治市,2025,低碳情景,1.8336
长治市,2026,低碳情景,1.6723
长治市,2027,低碳情景,1.5223
长治市,2028,低碳情景,1.3831
长治市,2029,低碳情景,1.2542
阜新市,2025,低碳情景,1.4175
阜新市,2026,低碳情景,1.3282
阜新市,2027,低碳情景,1.2421
阜新市,2028,低碳情景,1.1593
阜新市,2029,低碳情景,1.08
阜阳市,2025,低碳情景,0.4549
阜阳市,2026,低碳情景,0.4017
阜阳市,2027,低碳情景,0.3542
阜阳市,2028,低碳情景,0.312
阜阳市,2029,低碳情景,0.2745
防城港市,2025,低碳情景,0.8014
防城港市,2026,低碳情景,0.7321
防城港市,2027,低碳情景,0.6676
防城港市,2028,低碳情景,0.6077
防城港市,2029,低碳情景,0.5522
阳江市,2025,低碳情景,0.3972
阳江市,2026,低碳情景,0.3714
阳江市,2027,低碳情景,0.3465
阳江市,2028,低碳情景,0.3228
阳江市,2029,低碳情景,0.3
阳泉市,2025,低碳情景,1.9594
阳泉市,2026,低碳情景,1.8398
阳泉市,2027,低碳情景,1.7253
阳泉市,2028,低碳情景,1.6157
阳泉市,2029,低碳情景,1.5111
陇南市,2025,低碳情景,0.3495
陇南市,2026,低碳情景,0.3173
陇南市,2027,低碳情景,0.2876
陇南市,2028,低碳情景,0.2601
陇南市,2029,低碳情景,0.2348
随州市,2025,低碳情景,0.396
随州市,2026,低碳情景,0.36
随州市,2027,低碳情景,0.3266
随州市,2028,低碳情景,0.2956
随州市,2029,低碳情景,0.267
雅安市,2025,低碳情景,0.1799
雅安市,2026,低碳情景,0.1626
雅安市,2027,低碳情景,0.1468
雅安市,2028,低碳情景,0.1323
雅安市,2029,低碳情景,0.1191
青岛市,2025,低碳情景,0.1831
青岛市,2026,低碳情景,0.1663
青岛市,2027,低碳情景,0.1507
青岛市,2028,低碳情景,0.1364
青岛市,2029,低碳情景,0.1232
鞍山市,2025,低碳情景,2.6198
鞍山市,2026,低碳情景,2.5119
鞍山市,2027,低碳情景,2.4035
鞍山市,2028,低碳情景,2.2949
鞍山市,2029,低碳情景,2.1866
韶关市,2025,低碳情景,1.3065
韶关市,2026,低碳情景,1.219
韶关市,2027,低碳情景,1.1352
韶关市,2028,低碳情景,1.0552
韶关市,2029,低碳情景,0.9791
马鞍山市,2025,低碳情景,1.2387
马鞍山市,2026,低碳情景,1.1186
马鞍山市,2027,低碳情景,1.0085
马鞍山市,2028,低碳情景,0.9078
马鞍山市,2029,低碳情景,0.8159
驻马店市,2025,低碳情景,0.4387
驻马店市,2026,低碳情景,0.4007
驻马店市,2027,低碳情景,0.3651
驻马店市,2028,低碳情景,0.3319
驻马店市,2029,低碳情景,0.301
鸡西市,2025,低碳情景,1.0532
鸡西市,2026,低碳情景,1.0045
鸡西市,2027,低碳情景,0.9573
鸡西市,2028,低碳情景,0.9114
鸡西市,2029,低碳情景,0.8669
鹤壁市,2025,低碳情景,1.0974
鹤壁市,2026,低碳情景,1.0226
鹤壁市,2027,低碳情景,0.9521
鹤壁市,2028,低碳情景,0.8857
鹤壁市,2029,低碳情景,0.8232
鹤岗市,2025,低碳情景,1.3227
鹤岗市,2026,低碳情景,1.2524
鹤岗市,2027,低碳情景,1.1836
鹤岗市,2028,低碳情景,1.1164
鹤岗市,2029,低碳情景,1.0511
鹰潭市,2025,低碳情景,0.5125
鹰潭市,2026,低碳情景,0.4653
鹰潭市,2027,低碳情景,0.4221
鹰潭市,2028,低碳情景,0.3825
鹰潭市,2029,低碳情景,0.3463
黄冈市,2025,低碳情景,0.8462
黄冈市,2026,低碳情景,0.765
黄冈市,2027,低碳情景,0.6903
黄冈市,2028,低碳情景,0.6218
黄冈市,2029,低碳情景,0.5592
黄山市,2025,低碳情景,0.2402
黄山市,2026,低碳情景,0.2161
黄山市,2027,低碳情景,0.194
黄山市,2028,低碳情景,0.1738
黄山市,2029,低碳情景,0.1552
黄石市,2025,低碳情景,2.6655
黄石市,2026,低碳情景,2.4129
黄石市,2027,低碳情景,2.1802
黄石市,2028,低碳情景,1.9661
黄石市,2029,低碳情景,1.7697
黑河市,2025,低碳情景,0.7713
黑河市,2026,低碳情景,0.7206
黑河市,2027,低碳情景,0.6719
黑河市,2028,低碳情景,0.6253
黑河市,2029,低碳情景,0.5807
齐齐哈尔市,2025,低碳情景,1.3092
齐齐哈尔市,2026,低碳情景,1.2482
齐齐哈尔市,2027,低碳情景,1.1874
齐齐哈尔市,2028,低碳情景,1.1272
齐齐哈尔市,2029,低碳情景,1.0678
龙岩市,2025,低碳情景,0.7366
龙岩市,2026,低碳情景,0.6692
龙岩市,2027,低碳情景,0.6072
龙岩市,2028,低碳情景,0.5502
龙岩市,2029,低碳情景,0.498
七台河市,2025,优化情景,3.979
七台河市,2026,优化情景,3.844
七台河市,2027,优化情景,3.7061
七台河市,2028,优化情景,3.566
七台河市,2029,优化情景,3.4244
三亚市,2025,优化情景,0.1421
三亚市,2026,优化情景,0.1261
三亚市,2027,优化情景,0.1119
三亚市,2028,优化情景,0.0991
三亚市,2029,优化情景,0.0877
三明市,2025,优化情景,0.7299
三明市,2026,优化情景,0.6668
三明市,2027,优化情景,0.6077
三明市,2028,优化情景,0.5526
三明市,2029,优化情景,0.5013
三门峡市,2025,优化情景,0.9651
三门峡市,2026,优化情景,0.8941
三门峡市,2027,优化情景,0.8257
三门峡市,2028,优化情景,0.7601
三门峡市,2029,优化情景,0.6975
上海市,2025,优化情景,0.484
上海市,2026,优化情景,0.4575
上海市,2027,优化情景,0.4315
上海市,2028,优化情景,0.4061
上海市,2029,优化情景,0.3813
上饶市,2025,优化情景,0.3285
上饶市,2026,优化情景,0.2923
上饶市,2027,优化情景,0.2591
上饶市,2028,优化情景,0.2289
上饶市,2029,优化情景,0.2016
东莞市,2025,优化情景,0.2724
东莞市,2026,优化情景,0.2463
东莞市,2027,优化情景,0.2222
东莞市,2028,优化情景,0.2
东莞市,2029,优化情景,0.1796
东营市,2025,优化情景,0.3558
东营市,2026,优化情景,0.3322
东营市,2027,优化情景,0.3093
东营市,2028,优化情景,0.2872
东营市,2029,优化情景,0.2659
中卫市,2025,优化情景,1.3356
中卫市,2026,优化情景,1.2308
中卫市,2027,优化情景,1.1332
中卫市,2028,优化情景,1.0425
中卫市,2029,优化情景,0.9583
中山市,2025,优化情景,0.4568
中山市,2026,优化情景,0.4204
中山市,2027,优化情景,0.3857
中山市,2028,优化情景,0.3529
中山市,2029,优化情景,0.3219
临汾市,2025,优化情景,1.4229
临汾市,2026,优化情景,1.2721
临汾市,2027,优化情景,1.1336
临汾市,2028,优化情景,1.0069
临汾市,2029,优化情景,0.8914
临沂市,2025,优化情景,0.9981
临沂市,2026,优化情景,0.9193
临沂市,2027,优化情景,0.8461
临沂市,2028,优化情景,0.7781
临沂市,2029,优化情景,0.7151
临沧市,2025,优化情景,0.2205
临沧市,2026,优化情景,0.1975
临沧市,2027,优化情景,0.1763
临沧市,2028,优化情景,0.1567
临沧市,2029,优化情景,0.1387
丹东市,2025,优化情景,1.0666
丹东市,2026,优化情景,1.0124
丹东市,2027,优化情景,0.9577
丹东市,2028,优化情景,0.9029
丹东市,2029,优化情景,0.8485
丽水市,2025,优化情景,0.2097
丽水市,2026,优化情景,0.1874
丽水市,2027,优化情景,0.1669
丽水市,2028,优化情景,0.1483
丽水市,2029,优化情景,0.1314
丽江市,2025,优化情景,0.3652
丽江市,2026,优化情景,0.3248
丽江市,2027,优化情景,0.2876
丽江市,2028,优化情景,0.2537
丽江市,2029,优化情景,0.2229
乌兰察布市,2025,优化情景,2.9343
乌兰察布市,2026,优化情景,2.7194
乌兰察布市,2027,优化情景,2.5099
乌兰察布市,2028,优化情景,2.3072
乌兰察布市,2029,优化情景,2.1122
乌海市,2025,优化情景,2.628
乌海市,2026,优化情景,2.4878
乌海市,2027,优化情景,2.3454
乌海市,2028,优化情景,2.2023
乌海市,2029,优化情景,2.0594
乌鲁木齐市,2025,优化情景,0.8773
乌鲁木齐市,2026,优化情景,0.8043
乌鲁木齐市,2027,优化情景,0.7348
乌鲁木齐市,2028,优化情景,0.6688
乌鲁木齐市,2029,优化情景,0.6065
乐山市,2025,优化情景,0.2938
乐山市,2026,优化情景,0.2628
乐山市,2027,优化情景,0.2342
乐山市,2028,优化情景,0.2078
乐山市,2029,优化情景,0.1836
九江市,2025,优化情景,0.5809
九江市,2026,优化情景,0.5195
九江市,2027,优化情景,0.4635
九江市,2028,优化情景,0.4124
九江市,2029,优化情景,0.366
云浮市,2025,优化情景,2.8292
云浮市,2026,优化情景,2.5629
云浮市,2027,优化情景,2.3177
云浮市,2028,优化情景,2.0924
云浮市,2029,优化情景,1.8859
亳州市,2025,优化情景,0.24
亳州市,2026,优化情景,0.2138
亳州市,2027,优化情景,0.1901
亳州市,2028,优化情景,0.1688
亳州市,2029,优化情景,0.1496
伊春市,2025,优化情景,1.9105
伊春市,2026,优化情景,1.7963
伊春市,2027,优化情景,1.6862
伊春市,2028,优化情景,1.5802
伊春市,2029,优化情景,1.4784
佛山市,2025,优化情景,0.184
佛山市,2026,优化情景,0.1674
佛山市,2027,优化情景,0.152
佛山市,2028,优化情景,0.1377
佛山市,2029,优化情景,0.1246
佳木斯市,2025,优化情景,1.2864
佳木斯市,2026,优化情景,1.2104
佳木斯市,2027,优化情景,1.1363
佳木斯市,2028,优化情景,1.0643
佳木斯市,2029,优化情景,0.9945
保定市,2025,优化情景,0.6118
保定市,2026,优化情景,0.5574
保定市,2027,优化情景,0.5067
保定市,2028,优化情景,0.4597
保定市,2029,优化情景,0.4161
保山市,2025,优化情景,0.1597
保山市,2026,优化情景,0.1417
保山市,2027,优化情景,0.1253
保山市,2028,优化情景,0.1103
保山市,2029,优化情景,0.0967
信阳市,2025,优化情景,0.862
信阳市,2026,优化情景,0.7886
信阳市,2027,优化情景,0.7194
信阳市,2028,优化情景,0.6543
信阳市,2029,优化情景,0.5934
克拉玛依市,2025,优化情景,0.3785
克拉玛依市,2026,优化情景,0.3443
克拉玛依市,2027,优化情景,0.3118
克拉玛依市,2028,优化情景,0.2813
克拉玛依市,2029,优化情景,0.2527
六安市,2025,优化情景,0.4429
六安市,2026,优化情景,0.3949
六安市,2027,优化情景,0.351
六安市,2028,优化情景,0.3109
六安市,2029,优化情景,0.2746
六盘水市,2025,优化情景,1.6305
六盘水市,2026,优化情景,1.5057
六盘水市,2027,优化情景,1.387
六盘水市,2028,优化情景,1.2745
六盘水市,2029,优化情景,1.1682
兰州市,2025,优化情景,0.6976
兰州市,2026,优化情景,0.6315
兰州市,2027,优化情景,0.5705
兰州市,2028,优化情景,0.5143
兰州市,2029,优化情景,0.4627
内江市,2025,优化情景,0.6827
内江市,2026,优化情景,0.6332
内江市,2027,优化情景,0.5861
内江市,2028,优化情景,0.5413
内江市,2029,优化情景,0.4989
包头市,2025,优化情景,1.2468
包头市,2026,优化情景,1.1915
包头市,2027,优化情景,1.1354
包头市,2028,优化情景,1.079
包头市,2029,优化情景,1.0226
北海市,2025,优化情景,0.3515
北海市,2026,优化情景,0.3125
北海市,2027,优化情景,0.277
北海市,2028,优化情景,0.2449
北海市,2029,优化情景,0.2158
十堰市,2025,优化情景,0.188
十堰市,2026,优化情景,0.1679
十堰市,2027,优化情景,0.1494
十堰市,2028,优化情景,0.1326
十堰市,2029,优化情景,0.1172
南京市,2025,优化情景,0.4183
南京市,2026,优化情景,0.3778
南京市,2027,优化情景,0.3403
南京市,2028,优化情景,0.3058
南京市,2029,优化情景,0.274
南充市,2025,优化情景,0.1229
南充市,2026,优化情景,0.1097
南充市,2027,优化情景,0.0977
南充市,2028,优化情景,0.0866
南充市,2029,优化情景,0.0765
南宁市,2025,优化情景,0.6189
南宁市,2026,优化情景,0.5542
南宁市,2027,优化情景,0.4947
南宁市,2028,优化情景,0.4401
南宁市,2029,优化情景,0.3903
南平市,2025,优化情景,0.6306
南平市,2026,优化情景,0.5777
南平市,2027,优化情景,0.5279
南平市,2028,优化情景,0.4813
南平市,2029,优化情景,0.4378
南昌市,2025,优化情景,0.1989
南昌市,2026,优化情景,0.1799
南昌市,2027,优化情景,0.1623
南昌市,2028,优化情景,0.1461
南昌市,2029,优化情景,0.1313
南通市,2025,优化情景,0.2665
南通市,2026,优化情景,0.2393
南通市,2027,优化情景,0.2144
南通市,2028,优化情景,0.1917
南通市,2029,优化情景,0.1709
南阳市,2025,优化情景,1.0099
南阳市,2026,优化情景,0.9267
南阳市,2027,优化情景,0.8482
南阳市,2028,优化情景,0.7745
南阳市,2029,优化情景,0.7056
厦门市,2025,优化情景,0.1038
厦门市,2026,优化情景,0.0917
厦门市,2027,优化情景,0.081
厦门市,2028,优化情景,0.0713
厦门市,2029,优化情景,0.0628
双鸭山市,2025,优化情景,2.4096
双鸭山市,2026,优化情景,2.2734
双鸭山市,2027,优化情景,2.1378
双鸭山市,2028,优化情景,2.0035
双鸭山市,2029,优化情景,1.8714
台州市,2025,优化情景,0.3772
台州市,2026,优化情景,0.3391
台州市,2027,优化情景,0.3041
台州市,2028,优化情景,0.2719
台州市,2029,优化情景,0.2425
合肥市,2025,优化情景,0.3988
合肥市,2026,优化情景,0.3551
合肥市,2027,优化情景,0.3157
合肥市,2028,优化情景,0.2802
合肥市,2029,优化情景,0.2482
吉安市,2025,优化情景,0.3694
吉安市,2026,优化情景,0.3349
吉安市,2027,优化情景,0.3032
吉安市,2028,优化情景,0.274
吉安市,2029,优化情景,0.2472
吉林市,2025,优化情景,1.6895
吉林市,2026,优化情景,1.6768
吉林市,2027,优化情景,1.6601
吉林市,2028,优化情景,1.6397
吉林市,2029,优化情景,1.6157
吐鲁番市,2025,优化情景,1.0566
吐鲁番市,2026,优化情景,0.9471
吐鲁番市,2027,优化情景,0.8463
吐鲁番市,2028,优化情景,0.7537
吐鲁番市,2029,优化情景,0.6692
吕梁市,2025,优化情景,1.2704
吕梁市,2026,优化情景,1.1247
吕梁市,2027,优化情景,0.9939
吕梁市,2028,优化情景,0.8766
吕梁市,2029,优化情景,0.7717
吴忠市,2025,优化情景,1.9442
吴忠市,2026,优化情景,1.7626
吴忠市,2027,优化情景,1.5949
吴忠市,2028,优化情景,1.4402
吴忠市,2029,优化情景,1.298
周口市,2025,优化情景,0.3188
周口市,2026,优化情景,0.2917
周口市,2027,优化情景,0.2665
周口市,2028,优化情景,0.243
周口市,2029,优化情景,0.2212
呼伦贝尔市,2025,优化情景,1.7995
呼伦贝尔市,2026,优化情景,1.7221
呼伦贝尔市,2027,优化情景,1.6412
呼伦贝尔市,2028,优化情景,1.5578
呼伦贝尔市,2029,优化情景,1.4726
呼和浩特市,2025,优化情景,0.9325
呼和浩特市,2026,优化情景,0.8736
呼和浩特市,2027,优化情景,0.8152
呼和浩特市,2028,优化情景,0.7575
呼和浩特市,2029,优化情景,0.7011
咸宁市,2025,优化情景,0.4104
咸宁市,2026,优化情景,0.3681
咸宁市,2027,优化情景,0.3293
咸宁市,2028,优化情景,0.2938
咸宁市,2029,优化情景,0.2614
咸阳市,2025,优化情景,1.0041
咸阳市,2026,优化情景,0.9272
咸阳市,2027,优化情景,0.8544
咸阳市,2028,优化情景,0.7859
咸阳市,2029,优化情景,0.7215
哈密市,2025,优化情景,1.3628
哈密市,2026,优化情景,1.2278
哈密市,2027,优化情景,1.1016
哈密市,2028,优化情景,0.9844
哈密市,2029,优化情景,0.8761
哈尔滨市,2025,优化情景,0.5456
哈尔滨市,2026,优化情景,0.5265
哈尔滨市,2027,优化情景,0.5076
哈尔滨市,2028,优化情景,0.4888
哈尔滨市,2029,优化情景,0.4703
唐山市,2025,优化情景,1.7396
唐山市,2026,优化情景,1.5868
唐山市,2027,优化情景,1.444
唐山市,2028,优化情景,1.3108
唐山市,2029,优化情景,1.1871
商丘市,2025,优化情景,0.6532
商丘市,2026,优化情景,0.5879
商丘市,2027,优化情景,0.5273
商丘市,2028,优化情景,0.4712
商丘市,2029,优化情景,0.4196
商洛市,2025,优化情景,0.3682
商洛市,2026,优化情景,0.342
商洛市,2027,优化情景,0.3171
商洛市,2028,优化情景,0.2935
商洛市,2029,优化情景,0.2711
嘉兴市,2025,优化情景,0.2889
嘉兴市,2026,优化情景,0.2565
嘉兴市,2027,优化情景,0.2272
嘉兴市,2028,优化情景,0.2007
嘉兴市,2029,优化情景,0.1769
嘉峪关市,2025,优化情景,3.8037
嘉峪关市,2026,优化情景,3.4206
嘉峪关市,2027,优化情景,3.0702
嘉峪关市,2028,优化情景,2.7505
嘉峪关市,2029,优化情景,2.4593
四平市,2025,优化情景,1.8811
四平市,2026,优化情景,1.8804
四平市,2027,优化情景,1.8722
四平市,2028,优化情景,1.8563
四平市,2029,优化情景,1.8331
固原市,2025,优化情景,0.6046
固原市,2026,优化情景,0.542
固原市,2027,优化情景,0.484
固原市,2028,优化情景,0.4304
固原市,2029,优化情景,0.3812
大同市,2025,优化情景,1.8227
大同市,2026,优化情景,1.6605
大同市,2027,优化情景,1.509
大同市,2028,优化情景,1.368
大同市,2029,优化情景,1.2371
大庆市,2025,优化情景,0.6976
大庆市,2026,优化情景,0.6778
大庆市,2027,优化情景,0.6574
大庆市,2028,优化情景,0.6366
大庆市,2029,优化情景,0.6154
大连市,2025,优化情景,0.3761
大连市,2026,优化情景,0.352
大连市,2027,优化情景,0.3285
大连市,2028,优化情景,0.3057
大连市,2029,优化情景,0.2837
天水市,2025,优化情景,0.5226
天水市,2026,优化情景,0.4742
天水市,2027,优化情景,0.4292
天水市,2028,优化情景,0.3875
天水市,2029,优化情景,0.3491
天津市,2025,优化情景,0.4908
天津市,2026,优化情景,0.464
天津市,2027,优化情景,0.4373
天津市,2028,优化情景,0.4107
天津市,2029,优化情景,0.3846
太原市,2025,优化情景,0.6411
太原市,2026,优化情景,0.5744
太原市,2027,优化情景,0.5133
太原市,2028,优化情景,0.4573
太原市,2029,优化情景,0.4064
威海市,2025,优化情景,0.3756
威海市,2026,优化情景,0.3541
威海市,2027,优化情景,0.3333
威海市,2028,优化情景,0.3133
威海市,2029,优化情景,0.294
娄底市,2025,优化情景,1.1383
娄底市,2026,优化情景,1.0464
娄底市,2027,优化情景,0.96
娄底市,2028,优化情景,0.879
娄底市,2029,优化情景,0.8033
孝感市,2025,优化情景,0.5333
孝感市,2026,优化情景,0.477
孝感市,2027,优化情景,0.4256
孝感市,2028,优化情景,0.3789
孝感市,2029,优化情景,0.3365
宁德市,2025,优化情景,0.28
宁德市,2026,优化情景,0.2466
宁德市,2027,优化情景,0.2165
宁德市,2028,优化情景,0.1896
宁德市,2029,优化情景,0.1657
宁波市,2025,优化情景,0.3389
宁波市,2026,优化情景,0.3006
宁波市,2027,优化情景,0.2659
宁波市,2028,优化情景,0.2347
宁波市,2029,优化情景,0.2067
安庆市,2025,优化情景,0.5522
安庆市,2026,优化情景,0.4976
安庆市,2027,优化情景,0.4473
安庆市,2028,优化情景,0.4012
安庆市,2029,优化情景,0.359
安康市,2025,优化情景,0.1991
安康市,2026,优化情景,0.182
安康市,2027,优化情景,0.1662
安康市,2028,优化情景,0.1514
安康市,2029,优化情景,0.1376
安阳市,2025,优化情景,1.1623
安阳市,2026,优化情景,1.0774
安阳市,2027,优化情景,0.9961
安阳市,2028,优化情景,0.9185
安阳市,2029,优化情景,0.8449
安顺市,2025,优化情景,0.8631
安顺市,2026,优化情景,0.774
安顺市,2027,优化情景,0.6924
安顺市,2028,优化情景,0.6179
安顺市,2029,优化情景,0.55
定西市,2025,优化情景,0.4869
定西市,2026,优化情景,0.4364
定西市,2027,优化情景,0.3905
定西市,2028,优化情景,0.3488
定西市,2029,优化情景,0.3111
宜宾市,2025,优化情景,0.5701
宜宾市,2026,优化情景,0.5075
宜宾市,2027,优化情景,0.4509
宜宾市,2028,优化情景,0.3999
宜宾市,2029,优化情景,0.3541
宜昌市,2025,优化情景,0.5295
宜昌市,2026,优化情景,0.4754
宜昌市,2027,优化情景,0.4256
宜昌市,2028,优化情景,0.3801
宜昌市,2029,优化情景,0.3386
宜春市,2025,优化情景,0.8613
宜春市,2026,优化情景,0.7614
宜春市,2027,优化情景,0.6708
宜春市,2028,优化情景,0.5891
宜春市,2029,优化情景,0.5157
宝鸡市,2025,优化情景,0.7668
宝鸡市,2026,优化情景,0.7115
宝鸡市,2027,优化情景,0.6594
宝鸡市,2028,优化情景,0.6103
宝鸡市,2029,优化情景,0.5642
宣城市,2025,优化情景,0.4688
宣城市,2026,优化情景,0.4226
宣城市,2027,优化情景,0.38
宣城市,2028,优化情景,0.3409
宣城市,2029,优化情景,0.3051
宿州市,2025,优化情景,0.5325
宿州市,2026,优化情景,0.4772
宿州市,2027,优化情景,0.4264
宿州市,2028,优化情景,0.3798
宿州市,2029,优化情景,0.3373
宿迁市,2025,优化情景,0.3823
宿迁市,2026,优化情景,0.3423
宿迁市,2027,优化情景,0.3059
宿迁市,2028,优化情景,0.2728
宿迁市,2029,优化情景,0.2427
岳阳市,2025,优化情景,0.3827
岳阳市,2026,优化情景,0.3477
岳阳市,2027,优化情景,0.3154
岳阳市,2028,优化情景,0.2855
岳阳市,2029,优化情景,0.258
崇左市,2025,优化情景,0.5197
崇左市,2026,优化情景,0.4754
崇左市,2027,优化情景,0.4341
崇左市,2028,优化情景,0.3958
崇左市,2029,优化情景,0.3602
巴中市,2025,优化情景,0.1842
巴中市,2026,优化情景,0.1662
巴中市,2027,优化情景,0.1496
巴中市,2028,优化情景,0.1343
巴中市,2029,优化情景,0.1203
巴彦淖尔市,2025,优化情景,0.8207
巴彦淖尔市,2026,优化情景,0.7709
巴彦淖尔市,2027,优化情景,0.7214
巴彦淖尔市,2028,优化情景,0.6725
巴彦淖尔市,2029,优化情景,0.6246
常州市,2025,优化情景,0.4043
常州市,2026,优化情景,0.3652
常州市,2027,优化情景,0.3293
常州市,2028,优化情景,0.2964
常州市,2029,优化情景,0.2663
常德市,2025,优化情景,0.4669
常德市,2026,优化情景,0.4289
常德市,2027,优化情景,0.3932
常德市,2028,优化情景,0.3599
常德市,2029,优化情景,0.3288
平凉市,2025,优化情景,2.3245
平凉市,2026,优化情景,2.1066
平凉市,2027,优化情景,1.9038
平凉市,2028,优化情景,1.7157
平凉市,2029,优化情景,1.542
平顶山市,2025,优化情景,1.3775
平顶山市,2026,优化情景,1.272
平顶山市,2027,优化情景,1.1726
平顶山市,2028,优化情景,1.079
平顶山市,2029,优化情景,0.9912
广元市,2025,优化情景,0.3029
广元市,2026,优化情景,0.2676
广元市,2027,优化情景,0.2355
广元市,2028,优化情景,0.2064
广元市,2029,优化情景,0.1802
广安市,2025,优化情景,0.6762
广安市,2026,优化情景,0.6169
广安市,2027,优化情景,0.5612
广安市,2028,优化情景,0.5091
广安市,2029,优化情景,0.4604
广州市,2025,优化情景,0.2654
广州市,2026,优化情景,0.2518
广州市,2027,优化情景,0.2385
广州市,2028,优化情景,0.2254
广州市,2029,优化情景,0.2127
庆阳市,2025,优化情景,0.2207
庆阳市,2026,优化情景,0.1983
庆阳市,2027,优化情景,0.1777
庆阳市,2028,优化情景,0.1587
庆阳市,2029,优化情景,0.1414
廊坊市,2025,优化情景,0.5195
廊坊市,2026,优化情景,0.4739
廊坊市,2027,优化情景,0.431
廊坊市,2028,优化情景,0.391
廊坊市,2029,优化情景,0.3536
延安市,2025,优化情景,0.243
延安市,2026,优化情景,0.2186
延安市,2027,优化情景,0.1962
延安市,2028,优化情景,0.1757
延安市,2029,优化情景,0.157
开封市,2025,优化情景,0.4846
开封市,2026,优化情景,0.4487
开封市,2027,优化情景,0.4152
开封市,2028,优化情景,0.3839
开封市,2029,优化情景,0.3548
张家口市,2025,优化情景,1.6868
张家口市,2026,优化情景,1.5552
张家口市,2027,优化情景,1.4303
张家口市,2028,优化情景,1.3123
张家口市,2029,优化情景,1.201
张家界市,2025,优化情景,0.3305
张家界市,2026,优化情景,0.3045
张家界市,2027,优化情景,0.2798
张家界市,2028,优化情景,0.2564
张家界市,2029,优化情景,0.2343
张掖市,2025,优化情景,0.8558
张掖市,2026,优化情景,0.7799
张掖市,2027,优化情景,0.7095
张掖市,2028,优化情景,0.6444
张掖市,2029,优化情景,0.5843
徐州市,2025,优化情景,1.0153
徐州市,2026,优化情景,0.9205
徐州市,2027,优化情景,0.8325
徐州市,2028,优化情景,0.751
徐州市,2029,优化情景,0.6758
德州市,2025,优化情景,0.6478
德州市,2026,优化情景,0.5999
德州市,2027,优化情景,0.5542
德州市,2028,优化情景,0.5108
德州市,2029,优化情景,0.4698
德阳市,2025,优化情景,0.1659
德阳市,2026,优化情景,0.1493
德阳市,2027,优化情景,0.134
德阳市,2028,优化情景,0.12
德阳市,2029,优化情景,0.1072
忻州市,2025,优化情景,1.4727
忻州市,2026,优化情景,1.3377
忻州市,2027,优化情景,1.2118
忻州市,2028,优化情景,1.0948
忻州市,2029,优化情景,0.9864
怀化市,2025,优化情景,0.3531
怀化市,2026,优化情景,0.3242
怀化市,2027,优化情景,0.2966
怀化市,2028,优化情景,0.2706
怀化市,2029,优化情景,0.2461
惠州市,2025,优化情景,0.1828
惠州市,2026,优化情景,0.1639
惠州市,2027,优化情景,0.1465
惠州市,2028,优化情景,0.1306
惠州市,2029,优化情景,0.116
成都市,2025,优化情景,0.1593
成都市,2026,优化情景,0.1459
成都市,2027,优化情景,0.1334
成都市,2028,优化情景,0.1217
成都市,2029,优化情景,0.1109
扬州市,2025,优化情景,0.2704
扬州市,2026,优化情景,0.2424
扬州市,2027,优化情景,0.2166
扬州市,2028,优化情景,0.1929
扬州市,2029,优化情景,0.1713
承德市,2025,优化情景,0.9863
承德市,2026,优化情景,0.907
承德市,2027,优化情景,0.8319
承德市,2028,优化情景,0.7611
承德市,2029,优化情景,0.6945
抚州市,2025,优化情景,0.2221
抚州市,2026,优化情景,0.2004
抚州市,2027,优化情景,0.1803
抚州市,2028,优化情景,0.1618
抚州市,2029,优化情景,0.1448
抚顺市,2025,优化情景,2.1673
抚顺市,2026,优化情景,2.1249
抚顺市,2027,优化情景,2.0809
抚顺市,2028,优化情景,2.0354
抚顺市,2029,优化情景,1.9884
揭阳市,2025,优化情景,0.2786
揭阳市,2026,优化情景,0.2554
揭阳市,2027,优化情景,0.2335
揭阳市,2028,优化情景,0.2128
揭阳市,2029,优化情景,0.1934
攀枝花市,2025,优化情景,1.2742
攀枝花市,2026,优化情景,1.1811
攀枝花市,2027,优化情景,1.0927
攀枝花市,2028,优化情景,1.0089
攀枝花市,2029,优化情景,0.9298
新乡市,2025,优化情景,0.7706
新乡市,2026,优化情景,0.6955
新乡市,2027,优化情景,0.6256
新乡市,2028,优化情景,0.5609
新乡市,2029,优化情景,0.5012
新余市,2025,优化情景,1.5151
新余市,2026,优化情景,1.4289
新余市,2027,优化情景,1.3453
新余市,2028,优化情景,1.2644
新余市,2029,优化情景,1.1863
无锡市,2025,优化情景,0.2404
无锡市,2026,优化情景,0.2193
无锡市,2027,优化情景,0.1998
无锡市,2028,优化情景,0.1818
无锡市,2029,优化情景,0.1653
日照市,2025,优化情景,1.956
日照市,2026,优化情景,1.7937
日照市,2027,优化情景,1.6395
日照市,2028,优化情景,1.4938
日照市,2029,优化情景,1.3567
昆明市,2025,优化情景,0.2551
昆明市,2026,优化情景,0.2261
昆明市,2027,优化情景,0.1996
昆明市,2028,优化情景,0.1755
昆明市,2029,优化情景,0.1537
昭通市,2025,优化情景,0.3541
昭通市,2026,优化情景,0.3087
昭通市,2027,优化情景,0.2681
昭通市,2028,优化情景,0.2319
昭通市,2029,优化情景,0.1997
晋中市,2025,优化情景,0.9979
晋中市,2026,优化情景,0.8861
晋中市,2027,优化情景,0.7843
晋中市,2028,优化情景,0.6921
晋中市,2029,优化情景,0.6089
晋城市,2025,优化情景,1.2739
晋城市,2026,优化情景,1.1589
晋城市,2027,优化情景,1.0538
晋城市,2028,优化情景,0.9579
晋城市,2029,优化情景,0.8703
普洱市,2025,优化情景,0.4518
普洱市,2026,优化情景,0.4082
普洱市,2027,优化情景,0.3686
普洱市,2028,优化情景,0.3327
普洱市,2029,优化情景,0.3
景德镇市,2025,优化情景,0.3337
景德镇市,2026,优化情景,0.3073
景德镇市,2027,优化情景,0.2822
景德镇市,2028,优化情景,0.2585
景德镇市,2029,优化情景,0.2361
曲靖市,2025,优化情景,0.8885
曲靖市,2026,优化情景,0.7916
曲靖市,2027,优化情景,0.7023
曲靖市,2028,优化情景,0.6206
曲靖市,2029,优化情景,0.5461
朔州市,2025,优化情景,2.2518
朔州市,2026,优化情景,2.0987
朔州市,2027,优化情景,1.9525
朔州市,2028,优化情景,1.813
朔州市,2029,优化情景,1.6805
朝阳市,2025,优化情景,1.4197
朝阳市,2026,优化情景,1.3265
朝阳市,2027,优化情景,1.2356
朝阳市,2028,优化情景,1.1474
朝阳市,2029,优化情景,1.0621
本溪市,2025,优化情景,1.6369
本溪市,2026,优化情景,1.5779
本溪市,2027,优化情景,1.5172
本溪市,2028,优化情景,1.4553
本溪市,2029,优化情景,1.3924
来宾市,2025,优化情景,1.5793
来宾市,2026,优化情景,1.4414
来宾市,2027,优化情景,1.3123
来宾市,2028,优化情景,1.1916
来宾市,2029,优化情景,1.0793
杭州市,2025,优化情景,0.2185
杭州市,2026,优化情景,0.1964
杭州市,2027,优化情景,0.1761
杭州市,2028,优化情景,0.1576
杭州市,2029,优化情景,0.1407
松原市,2025,优化情景,0.7295
松原市,2026,优化情景,0.7165
松原市,2027,优化情景,0.7011
松原市,2028,优化情景,0.6833
松原市,2029,优化情景,0.6635
枣庄市,2025,优化情景,1.6605
枣庄市,2026,优化情景,1.5707
枣庄市,2027,优化情景,1.4835
枣庄市,2028,优化情景,1.3991
枣庄市,2029,优化情景,1.3176
柳州市,2025,优化情景,0.7157
柳州市,2026,优化情景,0.6621
柳州市,2027,优化情景,0.6106
柳州市,2028,优化情景,0.5616
柳州市,2029,优化情景,0.515
株洲市,2025,优化情景,0.4359
株洲市,2026,优化情景,0.3944
株洲市,2027,优化情景,0.3555
株洲市,2028,优化情景,0.3193
株洲市,2029,优化情景,0.2857
桂林市,2025,优化情景,0.3406
桂林市,2026,优化情景,0.3157
桂林市,2027,优化情景,0.2918
桂林市,2028,优化情景,0.2689
桂林市,2029,优化情景,0.2471
梅州市,2025,优化情景,0.7525
梅州市,2026,优化情景,0.6916
梅州市,2027,优化情景,0.6343
梅州市,2028,优化情景,0.5806
梅州市,2029,优化情景,0.5303
梧州市,2025,优化情景,0.265
梧州市,2026,优化情景,0.2454
梧州市,2027,优化情景,0.227
梧州市,2028,优化情景,0.2096
梧州市,2029,优化情景,0.1933
榆林市,2025,优化情景,0.7513
榆林市,2026,优化情景,0.6666
榆林市,2027,优化情景,0.5906
榆林市,2028,优化情景,0.5226
榆林市,2029,优化情景,0.4618
武威市,2025,优化情景,0.4273
武威市,2026,优化情景,0.3936
武威市,2027,优化情景,0.3623
武威市,2028,优化情景,0.3331
武威市,2029,优化情景,0.3059
武汉市,2025,优化情景,0.3587
武汉市,2026,优化情景,0.325
武汉市,2027,优化情景,0.2937
武汉市,2028,优化情景,0.2647
武汉市,2029,优化情景,0.238
毕节市,2025,优化情景,1.2442
毕节市,2026,优化情景,1.1428
毕节市,2027,优化情景,1.0477
毕节市,2028,优化情景,0.9587
毕节市,2029,优化情景,0.8756
永州市,2025,优化情景,0.2018
永州市,2026,优化情景,0.1836
永州市,2027,优化情景,0.1666
永州市,2028,优化情景,0.1509
永州市,2029,优化情景,0.1364
汉中市,2025,优化情景,0.8796
汉中市,2026,优化情景,0.8034
汉中市,2027,优化情景,0.7324
汉中市,2028,优化情景,0.6662
汉中市,2029,优化情景,0.6047
汕头市,2025,优化情景,0.5563
汕头市,2026,优化情景,0.5076
汕头市,2027,优化情景,0.4623
汕头市,2028,优化情景,0.4202
汕头市,2029,优化情景,0.3812
汕尾市,2025,优化情景,0.4105
汕尾市,2026,优化情景,0.3724
汕尾市,2027,优化情景,0.3376
汕尾市,2028,优化情景,0.3058
汕尾市,2029,优化情景,0.2768
江门市,2025,优化情景,0.4267
江门市,2026,优化情景,0.3866
江门市,2027,优化情景,0.3495
江门市,2028,优化情景,0.3154
江门市,2029,优化情景,0.284
池州市,2025,优化情景,1.0407
池州市,2026,优化情景,0.9371
池州市,2027,优化情景,0.8417
池州市,2028,优化情景,0.7542
池州市,2029,优化情景,0.6741
沈阳市,2025,优化情景,0.3035
沈阳市,2026,优化情景,0.2825
沈阳市,2027,优化情景,0.2623
沈阳市,2028,优化情景,0.2428
沈阳市,2029,优化情景,0.2242
沧州市,2025,优化情景,0.5056
沧州市,2026,优化情景,0.4694
沧州市,2027,优化情景,0.4353
沧州市,2028,优化情景,0.4031
沧州市,2029,优化情景,0.3727
河池市,2025,优化情景,0.3201
河池市,2026,优化情景,0.2849
河池市,2027,优化情景,0.2527
河池市,2028,优化情景,0.2235
河池市,2029,优化情景,0.197
河源市,2025,优化情景,0.4361
河源市,2026,优化情景,0.4033
河源市,2027,优化情景,0.3728
河源市,2028,优化情景,0.3443
河源市,2029,优化情景,0.3177
泉州市,2025,优化情景,0.1114
泉州市,2026,优化情景,0.0991
泉州市,2027,优化情景,0.0879
泉州市,2028,优化情景,0.0777
泉州市,2029,优化情景,0.0686
泰安市,2025,优化情景,1.4283
泰安市,2026,优化情景,1.3715
泰安市,2027,优化情景,1.3156
泰安市,2028,优化情景,1.2607
泰安市,2029,优化情景,1.2067
泰州市,2025,优化情景,0.4089
泰州市,2026,优化情景,0.3727
泰州市,2027,优化情景,0.3393
泰州市,2028,优化情景,0.3085
泰州市,2029,优化情景,0.2802
泸州市,2025,优化情景,0.3417
泸州市,2026,优化情景,0.3094
泸州市,2027,优化情景,0.2796
泸州市,2028,优化情景,0.2521
泸州市,2029,优化情景,0.2267
洛阳市,2025,优化情景,0.6882
洛阳市,2026,优化情景,0.6257
洛阳市,2027,优化情景,0.5672
洛阳市,2028,优化情景,0.5128
洛阳市,2029,优化情景,0.4622
济南市,2025,优化情景,0.5081
济南市,2026,优化情景,0.4482
济南市,2027,优化情景,0.394
济南市,2028,优化情景,0.3452
济南市,2029,优化情景,0.3015
济宁市,2025,优化情景,1.2003
济宁市,2026,优化情景,1.1012
济宁市,2027,优化情景,1.0074
济宁市,2028,优化情景,0.919
济宁市,2029,优化情景,0.8361
海东市,2025,优化情景,0.5026
海东市,2026,优化情景,0.4596
海东市,2027,优化情景,0.4188
海东市,2028,优化情景,0.3802
海东市,2029,优化情景,0.3439
海口市,2025,优化情景,0.0986
海口市,2026,优化情景,0.0882
海口市,2027,优化情景,0.0788
海口市,2028,优化情景,0.0702
海口市,2029,优化情景,0.0624
淄博市,2025,优化情景,1.03
淄博市,2026,优化情景,0.9644
淄博市,2027,优化情景,0.9006
淄博市,2028,优化情景,0.8389
淄博市,2029,优化情景,0.7794
淮北市,2025,优化情景,1.1809
淮北市,2026,优化情景,1.062
淮北市,2027,优化情景,0.9518
淮北市,2028,优化情景,0.8502
淮北市,2029,优化情景,0.7569
淮南市,2025,优化情景,2.7661
淮南市,2026,优化情景,2.5112
淮南市,2027,优化情景,2.2756
淮南市,2028,优化情景,2.0583
淮南市,2029,优化情景,1.8583
淮安市,2025,优化情景,0.4176
淮安市,2026,优化情景,0.3786
淮安市,2027,优化情景,0.3425
淮安市,2028,优化情景,0.3093
淮安市,2029,优化情景,0.2788
深圳市,2025,优化情景,0.123
深圳市,2026,优化情景,0.117
深圳市,2027,优化情景,0.1111
深圳市,2028,优化情景,0.1053
深圳市,2029,优化情景,0.0997
清远市,2025,优化情景,1.2218
清远市,2026,优化情景,1.1088
清远市,2027,优化情景,1.0037
清远市,2028,优化情景,0.9064
清远市,2029,优化情景,0.8165
温州市,2025,优化情景,0.2355
温州市,2026,优化情景,0.2106
温州市,2027,优化情景,0.1879
温州市,2028,优化情景,0.1673
温州市,2029,优化情景,0.1487
渭南市,2025,优化情景,1.773
渭南市,2026,优化情景,1.6063
渭南市,2027,优化情景,1.4515
渭南市,2028,优化情景,1.3082
渭南市,2029,优化情景,1.1761
湖州市,2025,优化情景,0.2871
湖州市,2026,优化情景,0.2556
湖州市,2027,优化情景,0.2269
湖州市,2028,优化情景,0.2008
湖州市,2029,优化情景,0.1771
湘潭市,2025,优化情景,0.8846
湘潭市,2026,优化情景,0.8028
湘潭市,2027,优化情景,0.7266
湘潭市,2028,优化情景,0.656
湘潭市,2029,优化情景,0.5907
湛江市,2025,优化情景,0.6828
湛江市,2026,优化情景,0.6248
湛江市,2027,优化情景,0.5703
湛江市,2028,优化情景,0.5194
湛江市,2029,优化情景,0.4719
滁州市,2025,优化情景,0.305
滁州市,2026,优化情景,0.2672
滁州市,2027,优化情景,0.2335
滁州市,2028,优化情景,0.2037
滁州市,2029,优化情景,0.1773
滨州市,2025,优化情景,1.6362
滨州市,2026,优化情景,1.5102
滨州市,2027,优化情景,1.3906
滨州市,2028,优化情景,1.2774
滨州市,2029,优化情景,1.1706
漯河市,2025,优化情景,0.3335
漯河市,2026,优化情景,0.2956
漯河市,2027,优化情景,0.2609
漯河市,2028,优化情景,0.2294
漯河市,2029,优化情景,0.2008
漳州市,2025,优化情景,0.4948
漳州市,2026,优化情景,0.4426
漳州市,2027,优化情景,0.3953
漳州市,2028,优化情景,0.3524
漳州市,2029,优化情景,0.3137
潍坊市,2025,优化情景,1.1782
潍坊市,2026,优化情景,1.0949
潍坊市,2027,优化情景,1.0161
潍坊市,2028,优化情景,0.9418
潍坊市,2029,优化情景,0.8719
潮州市,2025,优化情景,0.493
潮州市,2026,优化情景,0.4508
潮州市,2027,优化情景,0.4112
潮州市,2028,优化情景,0.3742
潮州市,2029,优化情景,0.3397
濮阳市,2025,优化情景,0.4856
濮阳市,2026,优化情景,0.4521
濮阳市,2027,优化情景,0.4202
濮阳市,2028,优化情景,0.3901
濮阳市,2029,优化情景,0.3616
烟台市,2025,优化情景,0.4262
烟台市,2026,优化情景,0.3878
烟台市,2027,优化情景,0.3519
烟台市,2028,优化情景,0.3185
烟台市,2029,优化情景,0.2875
焦作市,2025,优化情景,1.1362
焦作市,2026,优化情景,1.0569
焦作市,2027,优化情景,0.9806
焦作市,2028,优化情景,0.9075
焦作市,2029,优化情景,0.8376
牡丹江市,2025,优化情景,1.0355
牡丹江市,2026,优化情景,1.0165
牡丹江市,2027,优化情景,0.9958
牡丹江市,2028,优化情景,0.9733
牡丹江市,2029,优化情景,0.9492
玉林市,2025,优化情景,0.1595
玉林市,2026,优化情景,0.144
玉林市,2027,优化情景,0.1297
玉林市,2028,优化情景,0.1166
玉林市,2029,优化情景,0.1045
玉溪市,2025,优化情景,0.4252
玉溪市,2026,优化情景,0.3903
玉溪市,2027,优化情景,0.3577
玉溪市,2028,优化情景,0.3273
玉溪市,2029,优化情景,0.2991
珠海市,2025,优化情景,0.3436
珠海市,2026,优化情景,0.3042
珠海市,2027,优化情景,0.2687
珠海市,2028,优化情景,0.2366
珠海市,2029,优化情景,0.2078
白城市,2025,优化情景,0.8349
白城市,2026,优化情景,0.7937
白城市,2027,优化情景,0.7527
白城市,2028,优化情景,0.7119
白城市,2029,优化情景,0.6716
白山市,2025,优化情景,1.138
白山市,2026,优化情景,1.0933
白山市,2027,优化情景,1.0474
白山市,2028,优化情景,1.0006
白山市,2029,优化情景,0.9533
白银市,2025,优化情景,3.919
白银市,2026,优化情景,3.6121
白银市,2027,优化情景,3.3234
白银市,2028,优化情景,3.0525
白银市,2029,优化情景,2.7987
百色市,2025,优化情景,0.5877
百色市,2026,优化情景,0.5267
百色市,2027,优化情景,0.4707
百色市,2028,优化情景,0.4195
百色市,2029,优化情景,0.3728
益阳市,2025,优化情景,0.5301
益阳市,2026,优化情景,0.4865
益阳市,2027,优化情景,0.4453
益阳市,2028,优化情景,0.4064
益阳市,2029,优化情景,0.3698
盐城市,2025,优化情景,0.3021
盐城市,2026,优化情景,0.2721
盐城市,2027,优化情景,0.2443
盐城市,2028,优化情景,0.2185
盐城市,2029,优化情景,0.1949
盘锦市,2025,优化情景,0.4342
盘锦市,2026,优化情景,0.4114
盘锦市,2027,优化情景,0.3888
盘锦市,2028,优化情景,0.3666
盘锦市,2029,优化情景,0.3448
眉山市,2025,优化情景,0.2856
眉山市,2026,优化情景,0.2606
眉山市,2027,优化情景,0.2371
眉山市,2028,优化情景,0.2151
眉山市,2029,优化情景,0.1946
石嘴山市,2025,优化情景,2.7701
石嘴山市,2026,优化情景,2.6579
石嘴山市,2027,优化情景,2.5446
石嘴山市,2028,优化情景,2.4306
石嘴山市,2029,优化情景,2.3165
石家庄市,2025,优化情景,0.6831
石家庄市,2026,优化情景,0.6226
石家庄市,2027,优化情景,0.5664
石家庄市,2028,优化情景,0.5145
石家庄市,2029,优化情景,0.4665
福州市,2025,优化情景,0.2654
福州市,2026,优化情景,0.2336
福州市,2027,优化情景,0.2052
福州市,2028,优化情景,0.1798
福州市,2029,优化情景,0.1573
秦皇岛市,2025,优化情景,0.7716
秦皇岛市,2026,优化情景,0.702
秦皇岛市,2027,优化情景,0.6371
秦皇岛市,2028,优化情景,0.5767
秦皇岛市,2029,优化情景,0.5207
绍兴市,2025,优化情景,0.1407
绍兴市,2026,优化情景,0.1267
绍兴市,2027,优化情景,0.1139
绍兴市,2028,优化情景,0.1021
绍兴市,2029,优化情景,0.0912
绥化市,2025,优化情景,0.6702
绥化市,2026,优化情景,0.6425
绥化市,2027,优化情景,0.6148
绥化市,2028,优化情景,0.587
绥化市,2029,优化情景,0.5594
绵阳市,2025,优化情景,0.5046
绵阳市,2026,优化情景,0.4425
绵阳市,2027,优化情景,0.3867
绵阳市,2028,优化情景,0.3367
绵阳市,2029,优化情景,0.2922
聊城市,2025,优化情景,1.8016
聊城市,2026,优化情景,1.7012
聊城市,2027,优化情景,1.6019
聊城市,2028,优化情景,1.504
聊城市,2029,优化情景,1.4082
肇庆市,2025,优化情景,0.4443
肇庆市,2026,优化情景,0.4084
肇庆市,2027,优化情景,0.3745
肇庆市,2028,优化情景,0.3426
肇庆市,2029,优化情景,0.3126
自贡市,2025,优化情景,0.1299
自贡市,2026,优化情景,0.1169
自贡市,2027,优化情景,0.1049
自贡市,2028,优化情景,0.094
自贡市,2029,优化情景,0.0839
舟山市,2025,优化情景,0.439
舟山市,2026,优化情景,0.3986
舟山市,2027,优化情景,0.3611
舟山市,2028,优化情景,0.3265
舟山市,2029,优化情景,0.2945
芜湖市,2025,优化情景,0.4092
芜湖市,2026,优化情景,0.3635
芜湖市,2027,优化情景,0.3217
芜湖市,2028,优化情景,0.2838
芜湖市,2029,优化情景,0.2495
苏州市,2025,优化情景,0.6258
苏州市,2026,优化情景,0.5863
苏州市,2027,优化情景,0.5478
苏州市,2028,优化情景,0.5105
苏州市,2029,优化情景,0.4745
茂名市,2025,优化情景,0.283
茂名市,2026,优化情景,0.2596
茂名市,2027,优化情景,0.2379
茂名市,2028,优化情景,0.2177
茂名市,2029,优化情景,0.1991
荆州市,2025,优化情景,0.4728
荆州市,2026,优化情景,0.4202
荆州市,2027,优化情景,0.3723
荆州市,2028,优化情景,0.329
荆州市,2029,优化情景,0.2898
荆门市,2025,优化情景,0.633
荆门市,2026,优化情景,0.5722
荆门市,2027,优化情景,0.5156
荆门市,2028,优化情景,0.4633
荆门市,2029,优化情景,0.415
莆田市,2025,优化情景,0.2277
莆田市,2026,优化情景,0.2025
莆田市,2027,优化情景,0.1796
莆田市,2028,优化情景,0.159
莆田市,2029,优化情景,0.1404
菏泽市,2025,优化情景,0.4721
菏泽市,2026,优化情景,0.4253
菏泽市,2027,优化情景,0.3824
菏泽市,2028,优化情景,0.3431
菏泽市,2029,优化情景,0.3072
萍乡市,2025,优化情景,1.409
萍乡市,2026,优化情景,1.3129
萍乡市,2027,优化情景,1.2203
萍乡市,2028,优化情景,1.1313
萍乡市,2029,优化情景,1.0462
营口市,2025,优化情景,1.3227
营口市,2026,优化情景,1.2392
营口市,2027,优化情景,1.1568
营口市,2028,优化情景,1.0759
营口市,2029,优化情景,0.9972
葫芦岛市,2025,优化情景,1.3631
葫芦岛市,2026,优化情景,1.2648
葫芦岛市,2027,优化情景,1.1709
葫芦岛市,2028,优化情景,1.0813
葫芦岛市,2029,优化情景,0.9961
蚌埠市,2025,优化情景,0.2456
蚌埠市,2026,优化情景,0.2195
蚌埠市,2027,优化情景,0.1953
蚌埠市,2028,优化情景,0.1732
蚌埠市,2029,优化情景,0.153
衡水市,2025,优化情景,1.1922
衡水市,2026,优化情景,1.0827
衡水市,2027,优化情景,0.9806
衡水市,2028,优化情景,0.8857
衡水市,2029,优化情景,0.7979
衡阳市,2025,优化情景,0.2596
衡阳市,2026,优化情景,0.2343
衡阳市,2027,优化情景,0.2107
衡阳市,2028,优化情景,0.1888
衡阳市,2029,优化情景,0.1687
衢州市,2025,优化情景,0.8565
衢州市,2026,优化情景,0.7728
衢州市,2027,优化情景,0.6957
衢州市,2028,优化情景,0.6251
衢州市,2029,优化情景,0.5605
襄阳市,2025,优化情景,0.6081
襄阳市,2026,优化情景,0.5516
襄阳市,2027,优化情景,0.4991
襄阳市,2028,优化情景,0.4505
襄阳市,2029,优化情景,0.4057
西宁市,2025,优化情景,0.713
西宁市,2026,优化情景,0.6589
西宁市,2027,优化情景,0.6064
西宁市,2028,优化情景,0.5558
西宁市,2029,优化情景,0.5074
西安市,2025,优化情景,0.1892
西安市,2026,优化情景,0.1662
西安市,2027,优化情景,0.1457
西安市,2028,优化情景,0.1274
西安市,2029,优化情景,0.1111
许昌市,2025,优化情景,0.4606
许昌市,2026,优化情景,0.4168
许昌市,2027,优化情景,0.3757
许昌市,2028,优化情景,0.3373
许昌市,2029,优化情景,0.3017
贵港市,2025,优化情景,3.5465
贵港市,2026,优化情景,3.2724
贵港市,2027,优化情景,3.0161
贵港市,2028,优化情景,2.7769
贵港市,2029,优化情景,2.5539
贵阳市,2025,优化情景,0.2343
贵阳市,2026,优化情景,0.2074
贵阳市,2027,优化情景,0.183
贵阳市,2028,优化情景,0.1609
贵阳市,2029,优化情景,0.1411
贺州市,2025,优化情景,0.8396
贺州市,2026,优化情景,0.7581
贺州市,2027,优化情景,0.6828
贺州市,2028,优化情景,0.6136
贺州市,2029,优化情景,0.55
资阳市,2025,优化情景,0.1702
资阳市,2026,优化情景,0.1677
资阳市,2027,优化情景,0.165
资阳市,2028,优化情景,0.1622
资阳市,2029,优化情景,0.1591
赣州市,2025,优化情景,0.2325
赣州市,2026,优化情景,0.2046
赣州市,2027,优化情景,0.1793
赣州市,2028,优化情景,0.1566
赣州市,2029,优化情景,0.1363
赤峰市,2025,优化情景,1.0007
赤峰市,2026,优化情景,0.9474
赤峰市,2027,优化情景,0.896
赤峰市,2028,优化情景,0.8463
赤峰市,2029,优化情景,0.7986
辽源市,2025,优化情景,0.9948
辽源市,2026,优化情景,0.9675
辽源市,2027,优化情景,0.9379
辽源市,2028,优化情景,0.9065
辽源市,2029,优化情景,0.8733
辽阳市,2025,优化情景,2.4507
辽阳市,2026,优化情景,2.3335
辽阳市,2027,优化情景,2.2159
辽阳市,2028,优化情景,2.0988
辽阳市,2029,优化情景,1.9826
达州市,2025,优化情景,0.4431
达州市,2026,优化情景,0.3942
达州市,2027,优化情景,0.3495
达州市,2028,优化情景,0.3087
达州市,2029,优化情景,0.2716
运城市,2025,优化情景,2.0285
运城市,2026,优化情景,1.8849
运城市,2027,优化情景,1.7495
运城市,2028,优化情景,1.622
运城市,2029,优化情景,1.5021
连云港市,2025,优化情景,0.6819
连云港市,2026,优化情景,0.6151
连云港市,2027,优化情景,0.5541
连云港市,2028,优化情景,0.4984
连云港市,2029,优化情景,0.4477
通化市,2025,优化情景,1.4519
通化市,2026,优化情景,1.4523
通化市,2027,优化情景,1.4493
通化市,2028,优化情景,1.4427
通化市,2029,优化情景,1.4327
通辽市,2025,优化情景,1.6161
通辽市,2026,优化情景,1.5947
通辽市,2027,优化情景,1.5704
通辽市,2028,优化情景,1.5434
通辽市,2029,优化情景,1.5138
遂宁市,2025,优化情景,0.1425
遂宁市,2026,优化情景,0.1282
遂宁市,2027,优化情景,0.1151
遂宁市,2028,优化情景,0.103
遂宁市,2029,优化情景,0.0919
遵义市,2025,优化情景,0.3927
遵义市,2026,优化情景,0.3502
遵义市,2027,优化情景,0.3117
遵义市,2028,优化情景,0.2768
遵义市,2029,优化情景,0.2454
邢台市,2025,优化情景,1.1654
邢台市,2026,优化情景,1.0626
邢台市,2027,优化情景,0.966
邢台市,2028,优化情景,0.8755
邢台市,2029,优化情景,0.7912
邯郸市,2025,优化情景,1.7619
邯郸市,2026,优化情景,1.6245
邯郸市,2027,优化情景,1.4949
邯郸市,2028,优化情景,1.3729
邯郸市,2029,优化情景,1.2584
邵阳市,2025,优化情景,0.3899
邵阳市,2026,优化情景,0.3496
邵阳市,2027,优化情景,0.3125
邵阳市,2028,优化情景,0.2784
邵阳市,2029,优化情景,0.2472
郑州市,2025,优化情景,0.423
郑州市,2026,优化情景,0.3799
郑州市,2027,优化情景,0.3406
郑州市,2028,优化情景,0.3049
郑州市,2029,优化情景,0.2724
郴州市,2025,优化情景,0.5743
郴州市,2026,优化情景,0.5251
郴州市,2027,优化情景,0.4788
郴州市,2028,优化情景,0.4355
郴州市,2029,优化情景,0.3952
鄂尔多斯市,2025,优化情景,1.2958
鄂尔多斯市,2026,优化情景,1.206
鄂尔多斯市,2027,优化情景,1.1179
鄂尔多斯市,2028,优化情景,1.032
鄂尔多斯市,2029,优化情景,0.9488
鄂州市,2025,优化情景,1.5483
鄂州市,2026,优化情景,1.383
鄂州市,2027,优化情景,1.2315
鄂州市,2028,优化情景,1.0932
鄂州市,2029,优化情景,0.9673
酒泉市,2025,优化情景,1.0712
酒泉市,2026,优化情景,0.9779
酒泉市,2027,优化情景,0.8905
酒泉市,2028,优化情景,0.8088
酒泉市,2029,优化情景,0.7327
重庆市,2025,优化情景,0.5581
重庆市,2026,优化情景,0.53
重庆市,2027,优化情景,0.5023
重庆市,2028,优化情景,0.4751
重庆市,2029,优化情景,0.4484
金华市,2025,优化情景,0.4305
金华市,2026,优化情景,0.3857
金华市,2027,优化情景,0.3448
金华市,2028,优化情景,0.3075
金华市,2029,优化情景,0.2736
金昌市,2025,优化情景,1.4755
金昌市,2026,优化情景,1.3172
金昌市,2027,优化情景,1.1743
金昌市,2028,优化情景,1.0456
金昌市,2029,优化情景,0.9297
钦州市,2025,优化情景,0.4403
钦州市,2026,优化情景,0.3956
钦州市,2027,优化情景,0.3546
钦州市,2028,优化情景,0.317
钦州市,2029,优化情景,0.2827
铁岭市,2025,优化情景,2.8555
铁岭市,2026,优化情景,2.7374
铁岭市,2027,优化情景,2.6192
铁岭市,2028,优化情景,2.5013
铁岭市,2029,优化情景,2.3841
铜仁市,2025,优化情景,0.1496
铜仁市,2026,优化情景,0.1333
铜仁市,2027,优化情景,0.1184
铜仁市,2028,优化情景,0.105
铜仁市,2029,优化情景,0.0928
铜川市,2025,优化情景,1.2956
铜川市,2026,优化情景,1.1711
铜川市,2027,优化情景,1.0557
铜川市,2028,优化情景,0.9491
铜川市,2029,优化情景,0.851
铜陵市,2025,优化情景,1.6194
铜陵市,2026,优化情景,1.4926
铜陵市,2027,优化情景,1.3708
铜陵市,2028,优化情景,1.2543
铜陵市,2029,优化情景,1.1437
银川市,2025,优化情景,1.1416
银川市,2026,优化情景,1.0302
银川市,2027,优化情景,0.9258
银川市,2028,优化情景,0.8287
银川市,2029,优化情景,0.7387
锦州市,2025,优化情景,0.9762
锦州市,2026,优化情景,0.9243
锦州市,2027,优化情景,0.8729
锦州市,2028,优化情景,0.8224
锦州市,2029,优化情景,0.7729
镇江市,2025,优化情景,0.9118
镇江市,2026,优化情景,0.8375
镇江市,2027,优化情景,0.7678
镇江市,2028,优化情景,0.7026
镇江市,2029,优化情景,0.6418
长春市,2025,优化情景,0.3368
长春市,2026,优化情景,0.3081
长春市,2027,优化情景,0.2807
长春市,2028,优化情景,0.2548
长春市,2029,优化情景,0.2304
长沙市,2025,优化情景,0.1039
长沙市,2026,优化情景,0.0942
长沙市,2027,优化情景,0.0853
长沙市,2028,优化情景,0.077
长沙市,2029,优化情景,0.0694
长治市,2025,优化情景,1.8243
长治市,2026,优化情景,1.6542
长治市,2027,优化情景,1.4958
长治市,2028,优化情景,1.3489
长治市,2029,优化情景,1.213
阜新市,2025,优化情景,1.4082
阜新市,2026,优化情景,1.3096
阜新市,2027,优化情景,1.2147
阜新市,2028,优化情景,1.1235
阜新市,2029,优化情景,1.0364
阜阳市,2025,优化情景,0.4527
阜阳市,2026,优化情景,0.3977
阜阳市,2027,优化情景,0.3486
阜阳市,2028,优化情景,0.305
阜阳市,2029,优化情景,0.2663
防城港市,2025,优化情景,0.7963
防城港市,2026,优化情景,0.7221
防城港市,2027,优化情景,0.6532
防城港市,2028,优化情景,0.5894
防城港市,2029,优化情景,0.5305
阳江市,2025,优化情景,0.3947
阳江市,2026,优化情景,0.3663
阳江市,2027,优化情景,0.339
阳江市,2028,优化情景,0.3129
阳江市,2029,优化情景,0.288
阳泉市,2025,优化情景,1.9502
阳泉市,2026,优化情景,1.8213
阳泉市,2027,优化情景,1.6974
阳泉市,2028,优化情景,1.5787
阳泉市,2029,优化情景,1.4654
陇南市,2025,优化情景,0.3473
陇南市,2026,优化情景,0.313
陇南市,2027,优化情景,0.2813
陇南市,2028,优化情景,0.2522
陇南市,2029,优化情景,0.2255
随州市,2025,优化情景,0.3934
随州市,2026,优化情景,0.355
随州市,2027,优化情景,0.3194
随州市,2028,优化情景,0.2865
随州市,2029,优化情景,0.2563
雅安市,2025,优化情景,0.179
雅安市,2026,优化情景,0.1608
雅安市,2027,优化情景,0.1442
雅安市,2028,优化情景,0.129
雅安市,2029,优化情景,0.1152
青岛市,2025,优化情景,0.1819
青岛市,2026,优化情景,0.164
青岛市,2027,优化情景,0.1475
青岛市,2028,优化情景,0.1324
青岛市,2029,优化情景,0.1185
鞍山市,2025,优化情景,2.6026
鞍山市,2026,优化情景,2.4771
鞍山市,2027,优化情景,2.3506
鞍山市,2028,优化情景,2.2241
鞍山市,2029,优化情景,2.0982
韶关市,2025,优化情景,1.2985
韶关市,2026,优化情景,1.2031
韶关市,2027,优化情景,1.1117
韶关市,2028,优化情景,1.0246
韶关市,2029,优化情景,0.9418
马鞍山市,2025,优化情景,1.2321
马鞍山市,2026,优化情景,1.1058
马鞍山市,2027,优化情景,0.9902
马鞍山市,2028,优化情景,0.8846
马鞍山市,2029,优化情景,0.7885
驻马店市,2025,优化情景,0.4364
驻马店市,2026,优化情景,0.3961
驻马店市,2027,优化情景,0.3584
驻马店市,2028,优化情景,0.3232
驻马店市,2029,优化情景,0.2905
鸡西市,2025,优化情景,1.0473
鸡西市,2026,优化情景,0.9927
鸡西市,2027,优化情景,0.9395
鸡西市,2028,优化情景,0.8878
鸡西市,2029,优化情景,0.8376
鹤壁市,2025,优化情景,1.0927
鹤壁市,2026,优化情景,1.0133
鹤壁市,2027,优化情景,0.9382
鹤壁市,2028,优化情景,0.8674
鹤壁市,2029,优化情景,0.8007
鹤岗市,2025,优化情景,1.3142
鹤岗市,2026,优化情景,1.2354
鹤岗市,2027,优化情景,1.1581
鹤岗市,2028,优化情景,1.0828
鹤岗市,2029,优化情景,1.0096
鹰潭市,2025,优化情景,0.5102
鹰潭市,2026,优化情景,0.4609
鹰潭市,2027,优化情景,0.4157
鹰潭市,2028,优化情景,0.3744
鹰潭市,2029,优化情景,0.3365
黄冈市,2025,优化情景,0.8407
黄冈市,2026,优化情景,0.7544
黄冈市,2027,优化情景,0.6753
黄冈市,2028,优化情景,0.6029
黄冈市,2029,优化情景,0.537
黄山市,2025,优化情景,0.2387
黄山市,2026,优化情景,0.2134
黄山市,2027,优化情景,0.1901
黄山市,2028,优化情景,0.1688
黄山市,2029,优化情景,0.1493
黄石市,2025,优化情景,2.6481
黄石市,2026,优化情景,2.3797
黄石市,2027,优化情景,2.1326
黄石市,2028,优化情景,1.9061
黄石市,2029,优化情景,1.6989
黑河市,2025,优化情景,0.7666
黑河市,2026,优化情景,0.7112
黑河市,2027,优化情景,0.6579
黑河市,2028,优化情景,0.607
黑河市,2029,优化情景,0.5584
齐齐哈尔市,2025,优化情景,1.3009
齐齐哈尔市,2026,优化情景,1.2314
齐齐哈尔市,2027,优化情景,1.1621
齐齐哈尔市,2028,优化情景,1.0934
齐齐哈尔市,2029,优化情景,1.0257
龙岩市,2025,优化情景,0.7322
龙岩市,2026,优化情景,0.6606
龙岩市,2027,优化情景,0.5949
龙岩市,2028,优化情景,0.5347
龙岩市,2029,优化情景,0.4797
